Timestamp,Usuario,Rol,Accion,Entidad,ID_Entidad,Detalle
2023-01-01 11:15:33,bcruz1,Paciente,CITA_CREADA,Cita,ID-09235,Operacion registrada automaticamente
2023-01-01 12:06:34,admin,Administrador,BUSQUEDA,Global,ID-01426,Operacion registrada automaticamente
2023-01-01 12:37:11,dfigueroa20,Paciente,CITA_COMPLETADA,Cita,ID-02145,Operacion registrada automaticamente
2023-01-01 16:55:38,fgomez3,Paciente,CITA_CREADA,Cita,ID-02189,Operacion registrada automaticamente
2023-01-02 10:10:46,dtapuy74,Medico,RECETA_EMITIDA,Receta,ID-03373,Operacion registrada automaticamente
2023-01-02 11:20:30,daguilar64,Medico,RECETA_EMITIDA,Receta,ID-03690,Operacion registrada automaticamente
2023-01-02 13:08:46,admin,Administrador,FACTURA_EMITIDA,Factura,ID-05880,Operacion registrada automaticamente
2023-01-02 15:43:21,dlopez50,Paciente,CITA_COMPLETADA,Cita,ID-07197,Operacion registrada automaticamente
2023-01-02 17:53:30,lgomez36,Paciente,CITA_CREADA,Cita,ID-02479,Operacion registrada automaticamente
2023-01-03 11:30:48,admin,Administrador,BUSQUEDA,Global,ID-05293,Operacion registrada automaticamente
2023-01-04 12:09:56,admin,Administrador,FACTURA_EMITIDA,Factura,ID-04301,Operacion registrada automaticamente
2023-01-05 08:57:46,rshiguango25,Paciente,LOGIN_OK,Usuario,ID-00530,Operacion registrada automaticamente
2023-01-06 10:50:11,aramirez44,Paciente,CITA_COMPLETADA,Cita,ID-02108,Operacion registrada automaticamente
2023-01-06 12:24:50,dperez74,Medico,RECETA_EMITIDA,Receta,ID-05532,Operacion registrada automaticamente
2023-01-06 16:09:37,bmendez4,Paciente,CITA_CREADA,Cita,ID-03861,Operacion registrada automaticamente
2023-01-06 17:38:54,sromero12,Paciente,CITA_COMPLETADA,Cita,ID-09625,Operacion registrada automaticamente
2023-01-06 17:42:26,dmartinez70,Medico,HISTORIAL_ENTRADA,Historial,ID-04932,Operacion registrada automaticamente
2023-01-08 08:45:34,admin,Administrador,BUSQUEDA,Global,ID-01592,Operacion registrada automaticamente
2023-01-08 09:21:46,iramirez23,Paciente,LOGIN_OK,Usuario,ID-04956,Operacion registrada automaticamente
2023-01-08 13:00:34,admin,Administrador,FACTURA_EMITIDA,Factura,ID-07740,Operacion registrada automaticamente
2023-01-08 14:06:30,admin,Administrador,FACTURA_EMITIDA,Factura,ID-00183,Operacion registrada automaticamente
2023-01-09 12:07:59,ddiaz64,Medico,HISTORIAL_ENTRADA,Historial,ID-08062,Operacion registrada automaticamente
2023-01-09 16:23:11,admin,Administrador,BUSQUEDA,Global,ID-09039,Operacion registrada automaticamente
2023-01-10 11:38:24,fgrefa18,Paciente,CITA_CANCELADA,Cita,ID-00725,Operacion registrada automaticamente
2023-01-10 17:09:40,cmendez20,Paciente,HISTORIAL_CONSULTA,Historial,ID-02032,Operacion registrada automaticamente
2023-01-10 17:55:23,hjimenez5,Paciente,PAGO_REGISTRADO,Factura,ID-05907,Operacion registrada automaticamente
2023-01-11 11:27:25,aruiz29,Paciente,HISTORIAL_CONSULTA,Historial,ID-04078,Operacion registrada automaticamente
2023-01-11 14:56:59,cruiz46,Paciente,PAGO_REGISTRADO,Factura,ID-07737,Operacion registrada automaticamente
2023-01-11 15:31:51,druiz67,Medico,RECETA_EMITIDA,Receta,ID-06447,Operacion registrada automaticamente
2023-01-12 08:12:20,drivera21,Paciente,HISTORIAL_CONSULTA,Historial,ID-09779,Operacion registrada automaticamente
2023-01-12 09:03:22,admin,Administrador,FACTURA_EMITIDA,Factura,ID-00263,Operacion registrada automaticamente
2023-01-12 10:53:29,dlopez50,Paciente,PAGO_REGISTRADO,Factura,ID-07698,Operacion registrada automaticamente
2023-01-12 12:10:45,admin,Administrador,BUSQUEDA,Global,ID-06300,Operacion registrada automaticamente
2023-01-12 13:43:28,hcaceres10,Paciente,CITA_CREADA,Cita,ID-09059,Operacion registrada automaticamente
2023-01-13 08:26:40,dcerda14,Paciente,CITA_COMPLETADA,Cita,ID-03349,Operacion registrada automaticamente
2023-01-13 09:24:02,admin,Administrador,BUSQUEDA,Global,ID-07885,Operacion registrada automaticamente
2023-01-13 11:12:17,ccastro52,Paciente,CITA_CREADA,Cita,ID-07009,Operacion registrada automaticamente
2023-01-14 09:25:21,lcruz27,Paciente,CITA_COMPLETADA,Cita,ID-05915,Operacion registrada automaticamente
2023-01-14 14:56:46,dlopez75,Medico,RECETA_EMITIDA,Receta,ID-01090,Operacion registrada automaticamente
2023-01-15 09:27:33,cespinoza44,Paciente,CITA_CANCELADA,Cita,ID-05681,Operacion registrada automaticamente
2023-01-15 13:54:44,ctorres71,Paciente,CITA_CANCELADA,Cita,ID-07698,Operacion registrada automaticamente
2023-01-15 15:44:37,ctorres71,Paciente,CITA_COMPLETADA,Cita,ID-00275,Operacion registrada automaticamente
2023-01-15 16:38:43,agrefa27,Paciente,CITA_COMPLETADA,Cita,ID-04009,Operacion registrada automaticamente
2023-01-16 12:14:31,admin,Administrador,FACTURA_EMITIDA,Factura,ID-09315,Operacion registrada automaticamente
2023-01-16 15:12:08,admin,Administrador,FACTURA_EMITIDA,Factura,ID-01329,Operacion registrada automaticamente
2023-01-16 16:03:02,rchavez14,Paciente,CITA_CREADA,Cita,ID-02639,Operacion registrada automaticamente
2023-01-17 10:32:31,druiz67,Medico,RECETA_EMITIDA,Receta,ID-06883,Operacion registrada automaticamente
2023-01-17 15:03:39,vcaceres2,Paciente,CITA_COMPLETADA,Cita,ID-04441,Operacion registrada automaticamente
2023-01-17 16:09:37,admin,Administrador,FACTURA_EMITIDA,Factura,ID-02392,Operacion registrada automaticamente
2023-01-18 08:30:26,admin,Administrador,BUSQUEDA,Global,ID-07364,Operacion registrada automaticamente
2023-01-18 11:57:19,rchavez14,Paciente,PAGO_REGISTRADO,Factura,ID-07977,Operacion registrada automaticamente
2023-01-18 14:49:18,acastillo36,Paciente,LOGIN_OK,Usuario,ID-01001,Operacion registrada automaticamente
2023-01-18 16:33:00,mgarcia63,Paciente,HISTORIAL_CONSULTA,Historial,ID-08323,Operacion registrada automaticamente
2023-01-19 13:10:15,hvega5,Paciente,LOGIN_OK,Usuario,ID-01440,Operacion registrada automaticamente
2023-01-19 14:05:35,cruiz46,Paciente,LOGIN_OK,Usuario,ID-08185,Operacion registrada automaticamente
2023-01-20 13:37:16,admin,Administrador,FACTURA_EMITIDA,Factura,ID-05324,Operacion registrada automaticamente
2023-01-20 13:59:06,vcaceres2,Paciente,PAGO_REGISTRADO,Factura,ID-02367,Operacion registrada automaticamente
2023-01-21 13:10:07,dlopez75,Medico,RECETA_EMITIDA,Receta,ID-03019,Operacion registrada automaticamente
2023-01-22 08:12:07,ftapuy41,Paciente,CITA_CREADA,Cita,ID-06048,Operacion registrada automaticamente
2023-01-22 08:59:44,dherrera66,Medico,HISTORIAL_ENTRADA,Historial,ID-08334,Operacion registrada automaticamente
2023-01-24 08:25:19,mchavez33,Paciente,PAGO_REGISTRADO,Factura,ID-03148,Operacion registrada automaticamente
2023-01-24 16:09:05,bmendez4,Paciente,CITA_CANCELADA,Cita,ID-02910,Operacion registrada automaticamente
2023-01-24 16:59:55,hjimenez5,Paciente,HISTORIAL_CONSULTA,Historial,ID-02527,Operacion registrada automaticamente
2023-01-25 11:43:32,cmartinez31,Paciente,CITA_COMPLETADA,Cita,ID-08722,Operacion registrada automaticamente
2023-01-25 12:19:31,admin,Administrador,BUSQUEDA,Global,ID-03006,Operacion registrada automaticamente
2023-01-25 12:22:11,mruiz,Paciente,PAGO_REGISTRADO,Factura,ID-06481,Operacion registrada automaticamente
2023-01-25 15:27:05,eherrera16,Paciente,PAGO_REGISTRADO,Factura,ID-04296,Operacion registrada automaticamente
2023-01-25 15:47:54,lmendez23,Paciente,PAGO_REGISTRADO,Factura,ID-01122,Operacion registrada automaticamente
2023-01-25 17:51:46,dlopez50,Paciente,CITA_COMPLETADA,Cita,ID-07102,Operacion registrada automaticamente
2023-01-26 08:08:57,mortega9,Paciente,CITA_CANCELADA,Cita,ID-06313,Operacion registrada automaticamente
2023-01-27 12:06:10,jcastillo14,Paciente,HISTORIAL_CONSULTA,Historial,ID-06063,Operacion registrada automaticamente
2023-01-27 13:39:40,malvarado21,Paciente,CITA_CANCELADA,Cita,ID-02502,Operacion registrada automaticamente
2023-01-27 16:37:56,mcastillo22,Paciente,CITA_COMPLETADA,Cita,ID-05346,Operacion registrada automaticamente
2023-01-28 17:06:40,ochavez12,Paciente,CITA_CANCELADA,Cita,ID-03000,Operacion registrada automaticamente
2023-01-29 12:55:06,druiz71,Medico,RECETA_EMITIDA,Receta,ID-00107,Operacion registrada automaticamente
2023-01-29 13:02:48,dramirez79,Medico,RECETA_EMITIDA,Receta,ID-02806,Operacion registrada automaticamente
2023-01-29 14:17:15,ccastillo11,Paciente,CITA_COMPLETADA,Cita,ID-03073,Operacion registrada automaticamente
2023-01-29 14:24:25,glopez20,Paciente,CITA_COMPLETADA,Cita,ID-08201,Operacion registrada automaticamente
2023-01-29 15:06:20,admin,Administrador,BUSQUEDA,Global,ID-09822,Operacion registrada automaticamente
2023-01-30 08:40:00,dherrera73,Medico,HISTORIAL_ENTRADA,Historial,ID-01737,Operacion registrada automaticamente
2023-01-30 11:10:31,vcastro19,Paciente,HISTORIAL_CONSULTA,Historial,ID-01812,Operacion registrada automaticamente
2023-01-30 15:47:44,lmendez24,Paciente,CITA_COMPLETADA,Cita,ID-09600,Operacion registrada automaticamente
2023-01-31 10:26:12,fperez1,Paciente,CITA_CREADA,Cita,ID-09737,Operacion registrada automaticamente
2023-01-31 11:35:16,vchavez25,Paciente,CITA_COMPLETADA,Cita,ID-07523,Operacion registrada automaticamente
2023-01-31 11:49:13,dgrefa78,Medico,HISTORIAL_ENTRADA,Historial,ID-02580,Operacion registrada automaticamente
2023-01-31 12:28:03,pfigueroa29,Paciente,LOGIN_OK,Usuario,ID-07687,Operacion registrada automaticamente
2023-01-31 12:33:00,pjimenez11,Paciente,PAGO_REGISTRADO,Factura,ID-05370,Operacion registrada automaticamente
2023-01-31 12:34:12,nfigueroa1,Paciente,CITA_COMPLETADA,Cita,ID-01486,Operacion registrada automaticamente
2023-01-31 12:53:29,arodriguez53,Paciente,HISTORIAL_CONSULTA,Historial,ID-07654,Operacion registrada automaticamente
2023-01-31 16:06:17,cbenitez59,Paciente,LOGIN_OK,Usuario,ID-03541,Operacion registrada automaticamente
2023-01-31 16:18:48,dmartinez60,Medico,HISTORIAL_ENTRADA,Historial,ID-09154,Operacion registrada automaticamente
2023-02-01 10:55:57,admin,Administrador,BUSQUEDA,Global,ID-02361,Operacion registrada automaticamente
2023-02-01 11:40:19,admin,Administrador,BUSQUEDA,Global,ID-05139,Operacion registrada automaticamente
2023-02-01 13:03:44,mromero75,Paciente,LOGIN_OK,Usuario,ID-06650,Operacion registrada automaticamente
2023-02-02 16:14:36,fgomez3,Paciente,PAGO_REGISTRADO,Factura,ID-06998,Operacion registrada automaticamente
2023-02-02 17:46:53,aguzman43,Paciente,PAGO_REGISTRADO,Factura,ID-07445,Operacion registrada automaticamente
2023-02-03 09:17:00,scastillo8,Paciente,LOGIN_OK,Usuario,ID-07871,Operacion registrada automaticamente
2023-02-03 09:47:34,aguzman43,Paciente,CITA_COMPLETADA,Cita,ID-04482,Operacion registrada automaticamente
2023-02-03 09:57:39,admin,Administrador,FACTURA_EMITIDA,Factura,ID-02125,Operacion registrada automaticamente
2023-02-03 11:35:28,daguilar64,Medico,RECETA_EMITIDA,Receta,ID-00030,Operacion registrada automaticamente
2023-02-03 16:19:02,pfigueroa29,Paciente,CITA_CREADA,Cita,ID-00283,Operacion registrada automaticamente
2023-02-03 17:20:25,admin,Administrador,FACTURA_EMITIDA,Factura,ID-06936,Operacion registrada automaticamente
2023-02-04 09:40:06,dfigueroa20,Paciente,LOGIN_OK,Usuario,ID-08039,Operacion registrada automaticamente
2023-02-04 12:52:28,rshiguango25,Paciente,LOGIN_OK,Usuario,ID-07390,Operacion registrada automaticamente
2023-02-04 15:53:19,dperez74,Medico,HISTORIAL_ENTRADA,Historial,ID-06350,Operacion registrada automaticamente
2023-02-04 17:57:00,dcerda76,Medico,HISTORIAL_ENTRADA,Historial,ID-06291,Operacion registrada automaticamente
2023-02-05 11:07:51,ngrefa5,Paciente,HISTORIAL_CONSULTA,Historial,ID-08046,Operacion registrada automaticamente
2023-02-05 12:03:19,iperez7,Paciente,LOGIN_OK,Usuario,ID-00841,Operacion registrada automaticamente
2023-02-05 13:36:52,admin,Administrador,BUSQUEDA,Global,ID-06509,Operacion registrada automaticamente
2023-02-05 13:57:46,eherrera16,Paciente,LOGIN_OK,Usuario,ID-07615,Operacion registrada automaticamente
2023-02-05 16:24:25,malvarado21,Paciente,CITA_CREADA,Cita,ID-07292,Operacion registrada automaticamente
2023-02-06 08:55:15,etapuy11,Paciente,PAGO_REGISTRADO,Factura,ID-01763,Operacion registrada automaticamente
2023-02-06 10:09:59,dramirez76,Medico,RECETA_EMITIDA,Receta,ID-04644,Operacion registrada automaticamente
2023-02-06 13:13:29,iruiz14,Paciente,PAGO_REGISTRADO,Factura,ID-03666,Operacion registrada automaticamente
2023-02-06 14:26:19,vchavez25,Paciente,LOGIN_OK,Usuario,ID-08342,Operacion registrada automaticamente
2023-02-06 15:25:23,brodriguez6,Paciente,PAGO_REGISTRADO,Factura,ID-07387,Operacion registrada automaticamente
2023-02-07 08:58:18,dperez69,Medico,HISTORIAL_ENTRADA,Historial,ID-05038,Operacion registrada automaticamente
2023-02-07 12:36:29,admin,Administrador,BUSQUEDA,Global,ID-06275,Operacion registrada automaticamente
2023-02-07 15:20:36,daguilar64,Medico,RECETA_EMITIDA,Receta,ID-09347,Operacion registrada automaticamente
2023-02-07 17:08:47,dsanchez37,Paciente,PAGO_REGISTRADO,Factura,ID-01954,Operacion registrada automaticamente
2023-02-07 17:30:51,tespinoza2,Paciente,LOGIN_OK,Usuario,ID-02094,Operacion registrada automaticamente
2023-02-08 10:43:18,dperez55,Paciente,CITA_CANCELADA,Cita,ID-02826,Operacion registrada automaticamente
2023-02-08 11:00:11,daguilar65,Medico,HISTORIAL_ENTRADA,Historial,ID-04354,Operacion registrada automaticamente
2023-02-08 11:42:13,dgomez73,Medico,RECETA_EMITIDA,Receta,ID-05076,Operacion registrada automaticamente
2023-02-08 11:58:52,rchavez14,Paciente,CITA_CANCELADA,Cita,ID-06914,Operacion registrada automaticamente
2023-02-08 12:49:54,ccastillo11,Paciente,PAGO_REGISTRADO,Factura,ID-06496,Operacion registrada automaticamente
2023-02-09 08:54:58,ctorres71,Paciente,CITA_CREADA,Cita,ID-05930,Operacion registrada automaticamente
2023-02-09 14:38:28,mromero75,Paciente,LOGIN_OK,Usuario,ID-00062,Operacion registrada automaticamente
2023-02-10 09:50:00,lcruz27,Paciente,HISTORIAL_CONSULTA,Historial,ID-01815,Operacion registrada automaticamente
2023-02-10 11:09:58,dtapuy27,Paciente,HISTORIAL_CONSULTA,Historial,ID-07580,Operacion registrada automaticamente
2023-02-11 08:34:10,eguzman16,Paciente,CITA_CANCELADA,Cita,ID-04739,Operacion registrada automaticamente
2023-02-11 11:32:16,lvargas8,Paciente,CITA_CANCELADA,Cita,ID-08008,Operacion registrada automaticamente
2023-02-11 14:59:28,admin,Administrador,BUSQUEDA,Global,ID-01716,Operacion registrada automaticamente
2023-02-12 08:31:50,fcaceres25,Paciente,CITA_CANCELADA,Cita,ID-01052,Operacion registrada automaticamente
2023-02-12 15:25:07,pgomez57,Paciente,CITA_CREADA,Cita,ID-05648,Operacion registrada automaticamente
2023-02-13 09:15:38,hgonzalez6,Paciente,HISTORIAL_CONSULTA,Historial,ID-05397,Operacion registrada automaticamente
2023-02-14 08:03:45,dtapuy71,Medico,HISTORIAL_ENTRADA,Historial,ID-04341,Operacion registrada automaticamente
2023-02-15 08:30:00,tespinoza2,Paciente,PAGO_REGISTRADO,Factura,ID-04078,Operacion registrada automaticamente
2023-02-15 09:01:16,agarcia28,Paciente,LOGIN_OK,Usuario,ID-07428,Operacion registrada automaticamente
2023-02-15 13:03:39,admin,Administrador,BUSQUEDA,Global,ID-07310,Operacion registrada automaticamente
2023-02-16 11:27:07,vfigueroa39,Paciente,LOGIN_OK,Usuario,ID-08103,Operacion registrada automaticamente
2023-02-16 13:13:06,ftapuy44,Paciente,PAGO_REGISTRADO,Factura,ID-03862,Operacion registrada automaticamente
2023-02-16 13:56:15,admin,Administrador,FACTURA_EMITIDA,Factura,ID-01287,Operacion registrada automaticamente
2023-02-16 14:34:56,sespinoza15,Paciente,CITA_CREADA,Cita,ID-08156,Operacion registrada automaticamente
2023-02-16 14:52:28,dlopez50,Paciente,CITA_CREADA,Cita,ID-09962,Operacion registrada automaticamente
2023-02-17 08:04:46,pmedina26,Paciente,LOGIN_OK,Usuario,ID-07382,Operacion registrada automaticamente
2023-02-17 12:56:38,sjimenez2,Paciente,CITA_COMPLETADA,Cita,ID-05928,Operacion registrada automaticamente
2023-02-17 14:20:04,dsanchez56,Medico,RECETA_EMITIDA,Receta,ID-06056,Operacion registrada automaticamente
2023-02-17 16:27:13,valvarado4,Paciente,CITA_CREADA,Cita,ID-07454,Operacion registrada automaticamente
2023-02-17 17:25:25,dshiguango9,Paciente,CITA_CANCELADA,Cita,ID-08185,Operacion registrada automaticamente
2023-02-17 17:48:31,admin,Administrador,BUSQUEDA,Global,ID-08669,Operacion registrada automaticamente
2023-02-18 09:37:37,dperez55,Paciente,CITA_CREADA,Cita,ID-02611,Operacion registrada automaticamente
2023-02-18 11:19:39,admin,Administrador,FACTURA_EMITIDA,Factura,ID-02578,Operacion registrada automaticamente
2023-02-18 13:34:24,iruiz14,Paciente,CITA_CREADA,Cita,ID-09142,Operacion registrada automaticamente
2023-02-18 16:34:44,bcruz1,Paciente,CITA_CREADA,Cita,ID-01713,Operacion registrada automaticamente
2023-02-19 11:03:07,mcerda62,Paciente,PAGO_REGISTRADO,Factura,ID-02105,Operacion registrada automaticamente
2023-02-19 11:57:47,bmartinez3,Paciente,CITA_CREADA,Cita,ID-09588,Operacion registrada automaticamente
2023-02-19 17:22:28,evega12,Paciente,LOGIN_OK,Usuario,ID-00702,Operacion registrada automaticamente
2023-02-20 08:11:18,hherrera16,Paciente,CITA_COMPLETADA,Cita,ID-08403,Operacion registrada automaticamente
2023-02-20 10:42:38,dflores57,Medico,RECETA_EMITIDA,Receta,ID-00591,Operacion registrada automaticamente
2023-02-20 10:46:52,dalvarado78,Medico,RECETA_EMITIDA,Receta,ID-01576,Operacion registrada automaticamente
2023-02-20 14:44:10,cbenitez59,Paciente,CITA_COMPLETADA,Cita,ID-02559,Operacion registrada automaticamente
2023-02-20 17:10:04,iromero17,Paciente,CITA_COMPLETADA,Cita,ID-06970,Operacion registrada automaticamente
2023-02-21 08:22:24,hcaceres10,Paciente,CITA_COMPLETADA,Cita,ID-04825,Operacion registrada automaticamente
2023-02-21 17:20:56,admin,Administrador,BUSQUEDA,Global,ID-01013,Operacion registrada automaticamente
2023-02-21 17:24:47,mespinoza51,Paciente,CITA_CANCELADA,Cita,ID-09173,Operacion registrada automaticamente
2023-02-21 17:30:27,pjimenez11,Paciente,CITA_CANCELADA,Cita,ID-01701,Operacion registrada automaticamente
2023-02-22 11:51:41,admin,Administrador,BUSQUEDA,Global,ID-06428,Operacion registrada automaticamente
2023-02-22 11:59:31,lcruz38,Paciente,CITA_CREADA,Cita,ID-06861,Operacion registrada automaticamente
2023-02-22 14:30:52,rjimenez63,Paciente,PAGO_REGISTRADO,Factura,ID-03974,Operacion registrada automaticamente
2023-02-23 14:36:57,lgomez36,Paciente,PAGO_REGISTRADO,Factura,ID-03843,Operacion registrada automaticamente
2023-02-23 16:26:53,mromero46,Paciente,LOGIN_OK,Usuario,ID-08931,Operacion registrada automaticamente
2023-02-24 09:21:19,agarcia57,Paciente,LOGIN_OK,Usuario,ID-09929,Operacion registrada automaticamente
2023-02-25 09:31:35,admin,Administrador,BUSQUEDA,Global,ID-00490,Operacion registrada automaticamente
2023-02-25 12:52:40,mespinoza51,Paciente,LOGIN_OK,Usuario,ID-02682,Operacion registrada automaticamente
2023-02-25 13:42:46,bcruz1,Paciente,PAGO_REGISTRADO,Factura,ID-03186,Operacion registrada automaticamente
2023-02-25 14:26:35,sromero12,Paciente,PAGO_REGISTRADO,Factura,ID-09152,Operacion registrada automaticamente
2023-02-26 14:02:44,mcastillo22,Paciente,CITA_COMPLETADA,Cita,ID-03056,Operacion registrada automaticamente
2023-02-27 14:39:07,hvega5,Paciente,HISTORIAL_CONSULTA,Historial,ID-04393,Operacion registrada automaticamente
2023-02-27 14:47:35,dramos64,Medico,RECETA_EMITIDA,Receta,ID-01479,Operacion registrada automaticamente
2023-02-28 15:20:29,rchavez14,Paciente,PAGO_REGISTRADO,Factura,ID-09379,Operacion registrada automaticamente
2023-02-28 16:05:14,ccastillo12,Paciente,CITA_CANCELADA,Cita,ID-02237,Operacion registrada automaticamente
2023-02-28 16:22:51,dmartinez60,Medico,HISTORIAL_ENTRADA,Historial,ID-01070,Operacion registrada automaticamente
2023-02-28 16:45:12,fcastro23,Paciente,LOGIN_OK,Usuario,ID-06033,Operacion registrada automaticamente
2023-02-28 17:36:43,srodriguez37,Paciente,CITA_CREADA,Cita,ID-06825,Operacion registrada automaticamente
2023-03-01 12:26:27,mgarcia63,Paciente,PAGO_REGISTRADO,Factura,ID-09060,Operacion registrada automaticamente
2023-03-01 13:14:53,calvarado17,Paciente,CITA_CREADA,Cita,ID-08572,Operacion registrada automaticamente
2023-03-01 17:28:17,ccastillo11,Paciente,HISTORIAL_CONSULTA,Historial,ID-06156,Operacion registrada automaticamente
2023-03-02 08:13:31,fgrefa18,Paciente,CITA_COMPLETADA,Cita,ID-05916,Operacion registrada automaticamente
2023-03-03 08:00:54,hgonzalez6,Paciente,HISTORIAL_CONSULTA,Historial,ID-05887,Operacion registrada automaticamente
2023-03-03 08:56:46,ccastro52,Paciente,LOGIN_OK,Usuario,ID-02246,Operacion registrada automaticamente
2023-03-03 13:50:57,daguilar10,Paciente,CITA_COMPLETADA,Cita,ID-02136,Operacion registrada automaticamente
2023-03-03 15:21:54,mcerda15,Paciente,CITA_CANCELADA,Cita,ID-01900,Operacion registrada automaticamente
2023-03-03 16:48:13,frodriguez13,Paciente,CITA_CANCELADA,Cita,ID-08636,Operacion registrada automaticamente
2023-03-04 09:46:21,amartinez25,Paciente,CITA_CANCELADA,Cita,ID-08694,Operacion registrada automaticamente
2023-03-04 10:55:28,dgarcia71,Medico,RECETA_EMITIDA,Receta,ID-08930,Operacion registrada automaticamente
2023-03-05 10:51:00,dfigueroa79,Medico,RECETA_EMITIDA,Receta,ID-02824,Operacion registrada automaticamente
2023-03-05 17:58:12,lcerda41,Paciente,CITA_CANCELADA,Cita,ID-03175,Operacion registrada automaticamente
2023-03-06 16:45:18,cruiz46,Paciente,CITA_COMPLETADA,Cita,ID-05960,Operacion registrada automaticamente
2023-03-07 08:30:29,admin,Administrador,BUSQUEDA,Global,ID-06106,Operacion registrada automaticamente
2023-03-07 09:12:13,gperez16,Paciente,CITA_CREADA,Cita,ID-03861,Operacion registrada automaticamente
2023-03-07 12:50:25,jramos10,Paciente,LOGIN_OK,Usuario,ID-03941,Operacion registrada automaticamente
2023-03-07 17:33:58,dlopez50,Paciente,CITA_CANCELADA,Cita,ID-01083,Operacion registrada automaticamente
2023-03-08 15:23:40,amendez4,Paciente,CITA_CREADA,Cita,ID-06976,Operacion registrada automaticamente
2023-03-08 17:30:58,nfigueroa1,Paciente,PAGO_REGISTRADO,Factura,ID-05312,Operacion registrada automaticamente
2023-03-09 10:57:26,dramirez77,Medico,RECETA_EMITIDA,Receta,ID-07524,Operacion registrada automaticamente
2023-03-10 09:12:30,dvega73,Medico,RECETA_EMITIDA,Receta,ID-08982,Operacion registrada automaticamente
2023-03-10 10:47:05,lcruz27,Paciente,CITA_CANCELADA,Cita,ID-08542,Operacion registrada automaticamente
2023-03-10 17:11:04,vsanchez3,Paciente,CITA_CREADA,Cita,ID-03682,Operacion registrada automaticamente
2023-03-11 08:47:14,igarcia20,Paciente,PAGO_REGISTRADO,Factura,ID-04464,Operacion registrada automaticamente
2023-03-11 12:46:22,vchavez25,Paciente,CITA_CREADA,Cita,ID-09278,Operacion registrada automaticamente
2023-03-11 17:10:53,dflores55,Medico,HISTORIAL_ENTRADA,Historial,ID-00194,Operacion registrada automaticamente
2023-03-11 17:14:44,mcerda91,Paciente,CITA_CANCELADA,Cita,ID-02385,Operacion registrada automaticamente
2023-03-12 09:27:08,admin,Administrador,FACTURA_EMITIDA,Factura,ID-04632,Operacion registrada automaticamente
2023-03-12 17:18:18,lvargas8,Paciente,CITA_CREADA,Cita,ID-03133,Operacion registrada automaticamente
2023-03-13 10:57:08,maguilar12,Paciente,CITA_CANCELADA,Cita,ID-02270,Operacion registrada automaticamente
2023-03-13 12:36:24,cchavez28,Paciente,CITA_COMPLETADA,Cita,ID-09506,Operacion registrada automaticamente
2023-03-13 12:49:42,admin,Administrador,FACTURA_EMITIDA,Factura,ID-06836,Operacion registrada automaticamente
2023-03-13 13:02:54,fmendez37,Paciente,LOGIN_OK,Usuario,ID-00125,Operacion registrada automaticamente
2023-03-13 14:16:23,dshiguango9,Paciente,PAGO_REGISTRADO,Factura,ID-09997,Operacion registrada automaticamente
2023-03-13 16:17:48,dvargas58,Medico,RECETA_EMITIDA,Receta,ID-00717,Operacion registrada automaticamente
2023-03-14 15:05:22,vcastro19,Paciente,LOGIN_OK,Usuario,ID-09783,Operacion registrada automaticamente
2023-03-15 12:13:57,framirez27,Paciente,CITA_COMPLETADA,Cita,ID-05694,Operacion registrada automaticamente
2023-03-15 12:14:45,drivera21,Paciente,LOGIN_OK,Usuario,ID-02274,Operacion registrada automaticamente
2023-03-15 14:01:02,admin,Administrador,FACTURA_EMITIDA,Factura,ID-01442,Operacion registrada automaticamente
2023-03-15 14:20:50,dromero76,Medico,HISTORIAL_ENTRADA,Historial,ID-09549,Operacion registrada automaticamente
2023-03-15 14:31:37,framirez27,Paciente,CITA_CANCELADA,Cita,ID-05943,Operacion registrada automaticamente
2023-03-15 16:18:51,admin,Administrador,BUSQUEDA,Global,ID-00237,Operacion registrada automaticamente
2023-03-15 17:25:02,cflores49,Paciente,LOGIN_OK,Usuario,ID-07503,Operacion registrada automaticamente
2023-03-16 08:15:54,hgonzalez6,Paciente,HISTORIAL_CONSULTA,Historial,ID-02523,Operacion registrada automaticamente
2023-03-16 10:49:07,dcerda73,Medico,RECETA_EMITIDA,Receta,ID-03482,Operacion registrada automaticamente
2023-03-16 14:40:05,dramos64,Medico,RECETA_EMITIDA,Receta,ID-06493,Operacion registrada automaticamente
2023-03-16 15:04:17,gguzman9,Paciente,CITA_CANCELADA,Cita,ID-07213,Operacion registrada automaticamente
2023-03-16 16:24:16,eherrera16,Paciente,HISTORIAL_CONSULTA,Historial,ID-09770,Operacion registrada automaticamente
2023-03-18 11:26:41,nespinoza13,Paciente,PAGO_REGISTRADO,Factura,ID-00661,Operacion registrada automaticamente
2023-03-18 11:44:05,agarcia57,Paciente,LOGIN_OK,Usuario,ID-09599,Operacion registrada automaticamente
2023-03-18 16:41:37,lvargas8,Paciente,CITA_COMPLETADA,Cita,ID-01575,Operacion registrada automaticamente
2023-03-19 14:41:05,rrodriguez50,Paciente,LOGIN_OK,Usuario,ID-08512,Operacion registrada automaticamente
2023-03-19 15:38:01,mgomez29,Paciente,PAGO_REGISTRADO,Factura,ID-09567,Operacion registrada automaticamente
2023-03-21 14:52:13,vflores13,Paciente,LOGIN_OK,Usuario,ID-07220,Operacion registrada automaticamente
2023-03-22 12:52:05,admin,Administrador,FACTURA_EMITIDA,Factura,ID-02350,Operacion registrada automaticamente
2023-03-22 14:46:10,ogrefa8,Paciente,CITA_COMPLETADA,Cita,ID-09798,Operacion registrada automaticamente
2023-03-23 08:40:07,dgomez73,Medico,HISTORIAL_ENTRADA,Historial,ID-03011,Operacion registrada automaticamente
2023-03-23 11:50:42,admin,Administrador,BUSQUEDA,Global,ID-08022,Operacion registrada automaticamente
2023-03-23 13:02:14,rcruz46,Paciente,CITA_CREADA,Cita,ID-04261,Operacion registrada automaticamente
2023-03-23 13:29:13,agarcia57,Paciente,LOGIN_OK,Usuario,ID-08759,Operacion registrada automaticamente
2023-03-23 15:29:25,ediaz1,Paciente,CITA_COMPLETADA,Cita,ID-08844,Operacion registrada automaticamente
2023-03-24 11:36:47,dramos64,Medico,HISTORIAL_ENTRADA,Historial,ID-05442,Operacion registrada automaticamente
2023-03-24 15:26:39,ccastillo12,Paciente,CITA_COMPLETADA,Cita,ID-00385,Operacion registrada automaticamente
2023-03-25 10:47:56,admin,Administrador,FACTURA_EMITIDA,Factura,ID-08093,Operacion registrada automaticamente
2023-03-25 11:59:18,admin,Administrador,FACTURA_EMITIDA,Factura,ID-00117,Operacion registrada automaticamente
2023-03-25 14:25:55,eherrera16,Paciente,HISTORIAL_CONSULTA,Historial,ID-03630,Operacion registrada automaticamente
2023-03-25 16:56:58,mgarcia63,Paciente,CITA_CANCELADA,Cita,ID-04869,Operacion registrada automaticamente
2023-03-25 17:43:41,arivera19,Paciente,PAGO_REGISTRADO,Factura,ID-01693,Operacion registrada automaticamente
2023-03-26 10:21:29,cbenitez59,Paciente,HISTORIAL_CONSULTA,Historial,ID-02332,Operacion registrada automaticamente
2023-03-26 10:48:21,admin,Administrador,BUSQUEDA,Global,ID-01549,Operacion registrada automaticamente
2023-03-26 14:44:06,dchavez54,Medico,HISTORIAL_ENTRADA,Historial,ID-02656,Operacion registrada automaticamente
2023-03-26 17:30:42,gperez16,Paciente,CITA_CREADA,Cita,ID-02239,Operacion registrada automaticamente
2023-03-27 12:30:29,dalvarado78,Medico,RECETA_EMITIDA,Receta,ID-00759,Operacion registrada automaticamente
2023-03-27 12:39:12,admin,Administrador,FACTURA_EMITIDA,Factura,ID-04606,Operacion registrada automaticamente
2023-03-27 16:36:56,admin,Administrador,BUSQUEDA,Global,ID-00393,Operacion registrada automaticamente
2023-03-28 15:19:24,framirez27,Paciente,CITA_CANCELADA,Cita,ID-06581,Operacion registrada automaticamente
2023-03-28 16:22:06,cchavez28,Paciente,PAGO_REGISTRADO,Factura,ID-01285,Operacion registrada automaticamente
2023-03-29 11:30:31,dperez69,Medico,HISTORIAL_ENTRADA,Historial,ID-06645,Operacion registrada automaticamente
2023-03-29 13:20:37,admin,Administrador,FACTURA_EMITIDA,Factura,ID-03247,Operacion registrada automaticamente
2023-03-29 14:13:03,dgrefa64,Medico,RECETA_EMITIDA,Receta,ID-00386,Operacion registrada automaticamente
2023-03-30 08:45:50,amartinez25,Paciente,CITA_CREADA,Cita,ID-00726,Operacion registrada automaticamente
2023-03-30 08:45:58,dcerda14,Paciente,CITA_COMPLETADA,Cita,ID-03371,Operacion registrada automaticamente
2023-03-30 08:52:00,cespinoza44,Paciente,HISTORIAL_CONSULTA,Historial,ID-05293,Operacion registrada automaticamente
2023-03-30 14:43:38,dperez75,Medico,RECETA_EMITIDA,Receta,ID-00403,Operacion registrada automaticamente
2023-03-30 15:59:49,vsanchez3,Paciente,HISTORIAL_CONSULTA,Historial,ID-08168,Operacion registrada automaticamente
2023-03-31 09:22:37,lgonzalez33,Paciente,LOGIN_OK,Usuario,ID-09284,Operacion registrada automaticamente
2023-04-01 08:02:57,sgarcia30,Paciente,CITA_CANCELADA,Cita,ID-00574,Operacion registrada automaticamente
2023-04-01 12:44:54,dcerda14,Paciente,LOGIN_OK,Usuario,ID-01378,Operacion registrada automaticamente
2023-04-01 15:59:32,vruiz33,Paciente,CITA_COMPLETADA,Cita,ID-03758,Operacion registrada automaticamente
2023-04-01 17:06:51,admin,Administrador,BUSQUEDA,Global,ID-00565,Operacion registrada automaticamente
2023-04-01 17:37:12,brodriguez6,Paciente,CITA_CREADA,Cita,ID-01109,Operacion registrada automaticamente
2023-04-02 09:18:12,nromero29,Paciente,PAGO_REGISTRADO,Factura,ID-08035,Operacion registrada automaticamente
2023-04-02 11:13:35,lfigueroa22,Paciente,CITA_COMPLETADA,Cita,ID-07541,Operacion registrada automaticamente
2023-04-03 08:20:51,fmendez37,Paciente,PAGO_REGISTRADO,Factura,ID-07194,Operacion registrada automaticamente
2023-04-03 08:25:44,lvargas8,Paciente,LOGIN_OK,Usuario,ID-05635,Operacion registrada automaticamente
2023-04-03 08:49:29,admin,Administrador,BUSQUEDA,Global,ID-02777,Operacion registrada automaticamente
2023-04-03 08:59:13,daguilar64,Medico,HISTORIAL_ENTRADA,Historial,ID-09159,Operacion registrada automaticamente
2023-04-03 09:36:55,cmartinez31,Paciente,CITA_COMPLETADA,Cita,ID-01126,Operacion registrada automaticamente
2023-04-04 11:42:01,admin,Administrador,BUSQUEDA,Global,ID-03966,Operacion registrada automaticamente
2023-04-04 13:14:58,dperez69,Medico,HISTORIAL_ENTRADA,Historial,ID-09282,Operacion registrada automaticamente
2023-04-04 13:56:53,admin,Administrador,BUSQUEDA,Global,ID-09750,Operacion registrada automaticamente
2023-04-05 10:40:15,admin,Administrador,BUSQUEDA,Global,ID-02005,Operacion registrada automaticamente
2023-04-05 14:20:36,admin,Administrador,BUSQUEDA,Global,ID-03019,Operacion registrada automaticamente
2023-04-06 08:26:56,dvargas58,Medico,HISTORIAL_ENTRADA,Historial,ID-08330,Operacion registrada automaticamente
2023-04-06 13:57:39,dreyes39,Paciente,PAGO_REGISTRADO,Factura,ID-01189,Operacion registrada automaticamente
2023-04-07 16:56:58,dalvarado78,Medico,HISTORIAL_ENTRADA,Historial,ID-08736,Operacion registrada automaticamente
2023-04-08 10:21:32,admin,Administrador,FACTURA_EMITIDA,Factura,ID-01624,Operacion registrada automaticamente
2023-04-09 10:54:16,acastro33,Paciente,CITA_CREADA,Cita,ID-09941,Operacion registrada automaticamente
2023-04-09 12:14:13,lramos4,Paciente,CITA_CREADA,Cita,ID-04576,Operacion registrada automaticamente
2023-04-10 08:13:38,admin,Administrador,FACTURA_EMITIDA,Factura,ID-01551,Operacion registrada automaticamente
2023-04-10 10:15:39,rchavez14,Paciente,PAGO_REGISTRADO,Factura,ID-00681,Operacion registrada automaticamente
2023-04-10 11:13:12,pgomez57,Paciente,CITA_CREADA,Cita,ID-06429,Operacion registrada automaticamente
2023-04-10 11:29:08,dperez75,Medico,RECETA_EMITIDA,Receta,ID-06347,Operacion registrada automaticamente
2023-04-10 17:54:46,dflores57,Medico,HISTORIAL_ENTRADA,Historial,ID-01937,Operacion registrada automaticamente
2023-04-11 15:23:15,admin,Administrador,FACTURA_EMITIDA,Factura,ID-03467,Operacion registrada automaticamente
2023-04-12 09:46:32,admin,Administrador,FACTURA_EMITIDA,Factura,ID-05509,Operacion registrada automaticamente
2023-04-12 13:59:25,lfigueroa22,Paciente,CITA_COMPLETADA,Cita,ID-00153,Operacion registrada automaticamente
2023-04-13 15:53:59,dperez75,Medico,HISTORIAL_ENTRADA,Historial,ID-03614,Operacion registrada automaticamente
2023-04-14 11:06:30,alopez31,Paciente,PAGO_REGISTRADO,Factura,ID-09920,Operacion registrada automaticamente
2023-04-14 17:49:38,rjimenez63,Paciente,CITA_CREADA,Cita,ID-08597,Operacion registrada automaticamente
2023-04-15 14:36:25,admin,Administrador,BUSQUEDA,Global,ID-07253,Operacion registrada automaticamente
2023-04-16 14:55:09,hjimenez5,Paciente,CITA_COMPLETADA,Cita,ID-08203,Operacion registrada automaticamente
2023-04-16 17:34:44,admin,Administrador,BUSQUEDA,Global,ID-05597,Operacion registrada automaticamente
2023-04-17 09:15:53,lvargas8,Paciente,CITA_CANCELADA,Cita,ID-07085,Operacion registrada automaticamente
2023-04-17 09:42:18,rrodriguez50,Paciente,PAGO_REGISTRADO,Factura,ID-02105,Operacion registrada automaticamente
2023-04-18 08:54:57,sgarcia52,Paciente,HISTORIAL_CONSULTA,Historial,ID-09808,Operacion registrada automaticamente
2023-04-18 14:43:46,acastillo36,Paciente,LOGIN_OK,Usuario,ID-07666,Operacion registrada automaticamente
2023-04-18 15:43:00,ddiaz60,Medico,RECETA_EMITIDA,Receta,ID-04810,Operacion registrada automaticamente
2023-04-18 17:14:52,dtapuy27,Paciente,LOGIN_OK,Usuario,ID-02553,Operacion registrada automaticamente
2023-04-19 11:04:33,admin,Administrador,FACTURA_EMITIDA,Factura,ID-05996,Operacion registrada automaticamente
2023-04-19 11:17:17,calvarado17,Paciente,CITA_CANCELADA,Cita,ID-08357,Operacion registrada automaticamente
2023-04-19 16:12:15,despinoza7,Paciente,PAGO_REGISTRADO,Factura,ID-02006,Operacion registrada automaticamente
2023-04-20 17:22:26,lcruz27,Paciente,CITA_CREADA,Cita,ID-04454,Operacion registrada automaticamente
2023-04-21 08:17:34,admin,Administrador,FACTURA_EMITIDA,Factura,ID-07879,Operacion registrada automaticamente
2023-04-21 14:13:42,mcastillo64,Paciente,LOGIN_OK,Usuario,ID-05577,Operacion registrada automaticamente
2023-04-21 14:52:59,rjimenez63,Paciente,PAGO_REGISTRADO,Factura,ID-00225,Operacion registrada automaticamente
2023-04-22 09:42:15,aguzman43,Paciente,CITA_CANCELADA,Cita,ID-02207,Operacion registrada automaticamente
2023-04-22 10:50:56,dramirez76,Medico,RECETA_EMITIDA,Receta,ID-04681,Operacion registrada automaticamente
2023-04-22 16:23:51,fchavez22,Paciente,LOGIN_OK,Usuario,ID-06986,Operacion registrada automaticamente
2023-04-23 11:35:37,bcruz1,Paciente,LOGIN_OK,Usuario,ID-05165,Operacion registrada automaticamente
2023-04-23 12:05:39,lvargas8,Paciente,PAGO_REGISTRADO,Factura,ID-06451,Operacion registrada automaticamente
2023-04-24 16:40:46,oespinoza6,Paciente,HISTORIAL_CONSULTA,Historial,ID-08973,Operacion registrada automaticamente
2023-04-24 17:49:12,rperez32,Paciente,LOGIN_OK,Usuario,ID-05758,Operacion registrada automaticamente
2023-04-25 16:17:51,admin,Administrador,FACTURA_EMITIDA,Factura,ID-03083,Operacion registrada automaticamente
2023-04-26 08:59:09,dshiguango9,Paciente,PAGO_REGISTRADO,Factura,ID-00381,Operacion registrada automaticamente
2023-04-26 13:36:15,admin,Administrador,BUSQUEDA,Global,ID-06131,Operacion registrada automaticamente
2023-04-27 10:31:28,hherrera16,Paciente,PAGO_REGISTRADO,Factura,ID-02362,Operacion registrada automaticamente
2023-04-27 13:39:01,djimenez10,Paciente,LOGIN_OK,Usuario,ID-09984,Operacion registrada automaticamente
2023-04-27 15:36:30,dherrera73,Medico,HISTORIAL_ENTRADA,Historial,ID-04778,Operacion registrada automaticamente
2023-04-27 16:48:35,dfigueroa79,Medico,RECETA_EMITIDA,Receta,ID-01553,Operacion registrada automaticamente
2023-04-28 16:29:34,admin,Administrador,BUSQUEDA,Global,ID-08265,Operacion registrada automaticamente
2023-04-29 08:15:51,dherrera77,Medico,HISTORIAL_ENTRADA,Historial,ID-05063,Operacion registrada automaticamente
2023-04-29 15:13:39,sespinoza15,Paciente,CITA_COMPLETADA,Cita,ID-01781,Operacion registrada automaticamente
2023-04-29 16:02:58,fperez1,Paciente,CITA_CREADA,Cita,ID-08802,Operacion registrada automaticamente
2023-04-29 16:31:08,eguzman2,Paciente,PAGO_REGISTRADO,Factura,ID-04769,Operacion registrada automaticamente
2023-05-01 14:23:40,sjimenez2,Paciente,CITA_CANCELADA,Cita,ID-08871,Operacion registrada automaticamente
2023-05-01 17:07:55,vcaceres2,Paciente,CITA_CANCELADA,Cita,ID-00185,Operacion registrada automaticamente
2023-05-02 10:42:19,iromero17,Paciente,CITA_COMPLETADA,Cita,ID-08408,Operacion registrada automaticamente
2023-05-03 08:04:20,rreyes27,Paciente,LOGIN_OK,Usuario,ID-06997,Operacion registrada automaticamente
2023-05-03 08:09:27,ccerda3,Paciente,CITA_CANCELADA,Cita,ID-04615,Operacion registrada automaticamente
2023-05-03 14:54:57,ctorres71,Paciente,HISTORIAL_CONSULTA,Historial,ID-06469,Operacion registrada automaticamente
2023-05-04 10:09:57,lcruz27,Paciente,PAGO_REGISTRADO,Factura,ID-03291,Operacion registrada automaticamente
2023-05-04 10:56:59,dherrera73,Medico,HISTORIAL_ENTRADA,Historial,ID-09746,Operacion registrada automaticamente
2023-05-04 11:09:47,rjimenez63,Paciente,CITA_CREADA,Cita,ID-04749,Operacion registrada automaticamente
2023-05-04 11:20:09,dvargas58,Medico,HISTORIAL_ENTRADA,Historial,ID-02257,Operacion registrada automaticamente
2023-05-04 16:40:47,dgomez73,Medico,RECETA_EMITIDA,Receta,ID-06897,Operacion registrada automaticamente
2023-05-05 10:03:35,dperez55,Paciente,LOGIN_OK,Usuario,ID-01042,Operacion registrada automaticamente
2023-05-05 15:39:37,dlopez75,Medico,HISTORIAL_ENTRADA,Historial,ID-05298,Operacion registrada automaticamente
2023-05-05 16:59:57,admin,Administrador,BUSQUEDA,Global,ID-05168,Operacion registrada automaticamente
2023-05-06 08:46:09,admin,Administrador,BUSQUEDA,Global,ID-04633,Operacion registrada automaticamente
2023-05-06 13:12:06,dvega73,Medico,HISTORIAL_ENTRADA,Historial,ID-08210,Operacion registrada automaticamente
2023-05-06 16:23:21,admin,Administrador,FACTURA_EMITIDA,Factura,ID-08098,Operacion registrada automaticamente
2023-05-07 11:32:40,cespinoza44,Paciente,LOGIN_OK,Usuario,ID-06431,Operacion registrada automaticamente
2023-05-07 13:19:00,acastillo36,Paciente,CITA_CANCELADA,Cita,ID-05416,Operacion registrada automaticamente
2023-05-08 10:14:05,rshiguango25,Paciente,LOGIN_OK,Usuario,ID-00061,Operacion registrada automaticamente
2023-05-08 10:53:46,iruiz14,Paciente,PAGO_REGISTRADO,Factura,ID-00393,Operacion registrada automaticamente
2023-05-08 11:48:15,tespinoza2,Paciente,CITA_CANCELADA,Cita,ID-05683,Operacion registrada automaticamente
2023-05-08 12:23:28,despinoza7,Paciente,CITA_CREADA,Cita,ID-01560,Operacion registrada automaticamente
2023-05-09 13:19:59,druiz61,Medico,RECETA_EMITIDA,Receta,ID-06429,Operacion registrada automaticamente
2023-05-09 17:55:57,etapuy11,Paciente,LOGIN_OK,Usuario,ID-09133,Operacion registrada automaticamente
2023-05-10 08:37:09,admin,Administrador,BUSQUEDA,Global,ID-08728,Operacion registrada automaticamente
2023-05-10 12:59:44,hherrera16,Paciente,HISTORIAL_CONSULTA,Historial,ID-00313,Operacion registrada automaticamente
2023-05-10 14:30:40,admin,Administrador,BUSQUEDA,Global,ID-04735,Operacion registrada automaticamente
2023-05-10 15:23:48,ochavez12,Paciente,HISTORIAL_CONSULTA,Historial,ID-04216,Operacion registrada automaticamente
2023-05-10 15:35:12,pfigueroa29,Paciente,CITA_CREADA,Cita,ID-09075,Operacion registrada automaticamente
2023-05-10 16:23:55,admin,Administrador,BUSQUEDA,Global,ID-06927,Operacion registrada automaticamente
2023-05-11 08:40:40,imendez17,Paciente,PAGO_REGISTRADO,Factura,ID-04955,Operacion registrada automaticamente
2023-05-12 11:56:15,icastillo3,Paciente,HISTORIAL_CONSULTA,Historial,ID-04240,Operacion registrada automaticamente
2023-05-12 13:35:32,srodriguez37,Paciente,CITA_COMPLETADA,Cita,ID-07752,Operacion registrada automaticamente
2023-05-12 16:52:25,dfigueroa20,Paciente,PAGO_REGISTRADO,Factura,ID-01337,Operacion registrada automaticamente
2023-05-13 11:35:24,dmorales65,Medico,RECETA_EMITIDA,Receta,ID-04701,Operacion registrada automaticamente
2023-05-13 16:38:24,dlopez50,Paciente,LOGIN_OK,Usuario,ID-08104,Operacion registrada automaticamente
2023-05-14 09:50:59,promero13,Paciente,CITA_CANCELADA,Cita,ID-00035,Operacion registrada automaticamente
2023-05-14 10:17:00,mgonzalez53,Paciente,LOGIN_OK,Usuario,ID-00621,Operacion registrada automaticamente
2023-05-14 12:02:21,fcruz20,Paciente,CITA_CREADA,Cita,ID-07291,Operacion registrada automaticamente
2023-05-14 13:47:57,vruiz33,Paciente,CITA_COMPLETADA,Cita,ID-01557,Operacion registrada automaticamente
2023-05-14 14:11:20,maguilar12,Paciente,CITA_CREADA,Cita,ID-06949,Operacion registrada automaticamente
2023-05-14 16:09:59,dsanchez56,Medico,HISTORIAL_ENTRADA,Historial,ID-05109,Operacion registrada automaticamente
2023-05-15 08:01:20,bcruz1,Paciente,HISTORIAL_CONSULTA,Historial,ID-00337,Operacion registrada automaticamente
2023-05-15 08:44:43,aruiz29,Paciente,HISTORIAL_CONSULTA,Historial,ID-09006,Operacion registrada automaticamente
2023-05-15 08:55:56,pherrera20,Paciente,CITA_CANCELADA,Cita,ID-00988,Operacion registrada automaticamente
2023-05-15 10:15:17,admin,Administrador,BUSQUEDA,Global,ID-01409,Operacion registrada automaticamente
2023-05-15 16:29:47,admin,Administrador,FACTURA_EMITIDA,Factura,ID-06990,Operacion registrada automaticamente
2023-05-15 17:33:41,dperez55,Paciente,CITA_COMPLETADA,Cita,ID-06795,Operacion registrada automaticamente
2023-05-17 09:48:30,admin,Administrador,FACTURA_EMITIDA,Factura,ID-01715,Operacion registrada automaticamente
2023-05-17 14:40:45,acastillo36,Paciente,CITA_COMPLETADA,Cita,ID-04886,Operacion registrada automaticamente
2023-05-18 13:58:28,dramirez77,Medico,HISTORIAL_ENTRADA,Historial,ID-00783,Operacion registrada automaticamente
2023-05-18 15:13:39,itorres12,Paciente,HISTORIAL_CONSULTA,Historial,ID-03423,Operacion registrada automaticamente
2023-05-18 17:47:53,achavez21,Paciente,CITA_CREADA,Cita,ID-08252,Operacion registrada automaticamente
2023-05-19 09:07:29,admin,Administrador,BUSQUEDA,Global,ID-09125,Operacion registrada automaticamente
2023-05-19 12:18:47,lgonzalez33,Paciente,CITA_COMPLETADA,Cita,ID-02798,Operacion registrada automaticamente
2023-05-19 14:00:35,admin,Administrador,BUSQUEDA,Global,ID-05256,Operacion registrada automaticamente
2023-05-19 14:54:02,cespinoza44,Paciente,CITA_COMPLETADA,Cita,ID-06307,Operacion registrada automaticamente
2023-05-19 15:29:42,dchavez54,Medico,RECETA_EMITIDA,Receta,ID-02168,Operacion registrada automaticamente
2023-05-19 15:37:37,frodriguez13,Paciente,CITA_CREADA,Cita,ID-06307,Operacion registrada automaticamente
2023-05-19 15:52:10,iruiz14,Paciente,CITA_COMPLETADA,Cita,ID-06819,Operacion registrada automaticamente
2023-05-21 13:06:34,pgomez54,Paciente,CITA_CREADA,Cita,ID-02923,Operacion registrada automaticamente
2023-05-21 13:25:19,dherrera77,Medico,HISTORIAL_ENTRADA,Historial,ID-08927,Operacion registrada automaticamente
2023-05-21 16:49:53,dchavez62,Medico,RECETA_EMITIDA,Receta,ID-01124,Operacion registrada automaticamente
2023-05-22 09:32:20,dramirez77,Medico,HISTORIAL_ENTRADA,Historial,ID-03632,Operacion registrada automaticamente
2023-05-23 10:59:23,dtapuy71,Medico,RECETA_EMITIDA,Receta,ID-05751,Operacion registrada automaticamente
2023-05-23 15:19:38,admin,Administrador,FACTURA_EMITIDA,Factura,ID-03301,Operacion registrada automaticamente
2023-05-24 08:12:10,srodriguez37,Paciente,CITA_CREADA,Cita,ID-01707,Operacion registrada automaticamente
2023-05-24 11:36:24,pmedina26,Paciente,CITA_COMPLETADA,Cita,ID-02355,Operacion registrada automaticamente
2023-05-24 11:55:19,dmorales65,Medico,RECETA_EMITIDA,Receta,ID-05629,Operacion registrada automaticamente
2023-05-24 15:12:02,admin,Administrador,BUSQUEDA,Global,ID-01607,Operacion registrada automaticamente
2023-05-24 16:36:38,admin,Administrador,BUSQUEDA,Global,ID-06913,Operacion registrada automaticamente
2023-05-26 10:22:31,fmendez37,Paciente,CITA_CREADA,Cita,ID-02225,Operacion registrada automaticamente
2023-05-26 11:58:55,ediaz1,Paciente,CITA_CANCELADA,Cita,ID-07648,Operacion registrada automaticamente
2023-05-26 13:25:47,pfigueroa29,Paciente,CITA_COMPLETADA,Cita,ID-00646,Operacion registrada automaticamente
2023-05-26 13:31:34,dcruz76,Medico,HISTORIAL_ENTRADA,Historial,ID-07227,Operacion registrada automaticamente
2023-05-28 13:21:15,cruiz46,Paciente,PAGO_REGISTRADO,Factura,ID-01572,Operacion registrada automaticamente
2023-05-28 13:26:12,lguzman23,Paciente,HISTORIAL_CONSULTA,Historial,ID-03600,Operacion registrada automaticamente
2023-05-28 13:39:49,daguilar65,Medico,RECETA_EMITIDA,Receta,ID-00051,Operacion registrada automaticamente
2023-05-28 14:59:56,ogrefa8,Paciente,CITA_COMPLETADA,Cita,ID-05151,Operacion registrada automaticamente
2023-05-29 12:06:35,daguilar10,Paciente,PAGO_REGISTRADO,Factura,ID-01878,Operacion registrada automaticamente
2023-05-31 16:11:53,admin,Administrador,FACTURA_EMITIDA,Factura,ID-06565,Operacion registrada automaticamente
2023-05-31 16:24:48,igarcia20,Paciente,CITA_CANCELADA,Cita,ID-08790,Operacion registrada automaticamente
2023-06-01 08:08:51,sbenitez39,Paciente,HISTORIAL_CONSULTA,Historial,ID-03995,Operacion registrada automaticamente
2023-06-01 10:08:46,admin,Administrador,BUSQUEDA,Global,ID-07026,Operacion registrada automaticamente
2023-06-01 13:06:49,saguilar42,Paciente,HISTORIAL_CONSULTA,Historial,ID-02154,Operacion registrada automaticamente
2023-06-01 13:24:11,admin,Administrador,BUSQUEDA,Global,ID-07207,Operacion registrada automaticamente
2023-06-01 15:23:32,admin,Administrador,BUSQUEDA,Global,ID-02249,Operacion registrada automaticamente
2023-06-02 16:16:53,dmorales65,Medico,RECETA_EMITIDA,Receta,ID-06053,Operacion registrada automaticamente
2023-06-04 08:29:27,dchavez54,Medico,HISTORIAL_ENTRADA,Historial,ID-05974,Operacion registrada automaticamente
2023-06-04 09:59:41,aramirez44,Paciente,LOGIN_OK,Usuario,ID-06421,Operacion registrada automaticamente
2023-06-04 15:28:41,sgarcia52,Paciente,CITA_COMPLETADA,Cita,ID-07009,Operacion registrada automaticamente
2023-06-04 16:25:21,icastillo3,Paciente,LOGIN_OK,Usuario,ID-02951,Operacion registrada automaticamente
2023-06-04 17:54:36,admin,Administrador,FACTURA_EMITIDA,Factura,ID-04042,Operacion registrada automaticamente
2023-06-05 08:21:34,admin,Administrador,BUSQUEDA,Global,ID-06827,Operacion registrada automaticamente
2023-06-05 09:11:36,hvega5,Paciente,CITA_CANCELADA,Cita,ID-00729,Operacion registrada automaticamente
2023-06-05 10:57:21,mcerda15,Paciente,CITA_CANCELADA,Cita,ID-01705,Operacion registrada automaticamente
2023-06-05 14:38:10,vsanchez3,Paciente,LOGIN_OK,Usuario,ID-08568,Operacion registrada automaticamente
2023-06-05 15:47:25,dflores64,Medico,HISTORIAL_ENTRADA,Historial,ID-04472,Operacion registrada automaticamente
2023-06-06 11:25:39,admin,Administrador,FACTURA_EMITIDA,Factura,ID-03540,Operacion registrada automaticamente
2023-06-06 14:55:50,iramirez23,Paciente,PAGO_REGISTRADO,Factura,ID-01526,Operacion registrada automaticamente
2023-06-06 15:32:08,fflores28,Paciente,CITA_CANCELADA,Cita,ID-04855,Operacion registrada automaticamente
2023-06-06 17:26:23,promero13,Paciente,HISTORIAL_CONSULTA,Historial,ID-06439,Operacion registrada automaticamente
2023-06-07 14:26:51,vcastro19,Paciente,LOGIN_OK,Usuario,ID-00951,Operacion registrada automaticamente
2023-06-07 17:42:00,pperez45,Paciente,PAGO_REGISTRADO,Factura,ID-05195,Operacion registrada automaticamente
2023-06-08 11:07:45,admin,Administrador,BUSQUEDA,Global,ID-06084,Operacion registrada automaticamente
2023-06-09 10:59:12,jmartinez5,Paciente,CITA_CANCELADA,Cita,ID-05553,Operacion registrada automaticamente
2023-06-10 08:16:13,dcerda14,Paciente,PAGO_REGISTRADO,Factura,ID-04554,Operacion registrada automaticamente
2023-06-10 11:04:07,admin,Administrador,FACTURA_EMITIDA,Factura,ID-03968,Operacion registrada automaticamente
2023-06-10 12:40:50,sbenitez4,Paciente,PAGO_REGISTRADO,Factura,ID-02297,Operacion registrada automaticamente
2023-06-10 16:21:02,admin,Administrador,FACTURA_EMITIDA,Factura,ID-00001,Operacion registrada automaticamente
2023-06-10 17:45:02,ljimenez22,Paciente,LOGIN_OK,Usuario,ID-08818,Operacion registrada automaticamente
2023-06-11 12:42:44,cflores49,Paciente,CITA_COMPLETADA,Cita,ID-00980,Operacion registrada automaticamente
2023-06-11 17:53:51,admin,Administrador,FACTURA_EMITIDA,Factura,ID-03883,Operacion registrada automaticamente
2023-06-12 08:02:42,mruiz,Paciente,CITA_COMPLETADA,Cita,ID-04385,Operacion registrada automaticamente
2023-06-12 08:03:27,mcerda91,Paciente,HISTORIAL_CONSULTA,Historial,ID-00049,Operacion registrada automaticamente
2023-06-12 09:35:34,dramos64,Medico,HISTORIAL_ENTRADA,Historial,ID-05988,Operacion registrada automaticamente
2023-06-12 15:46:27,admin,Administrador,BUSQUEDA,Global,ID-08849,Operacion registrada automaticamente
2023-06-12 17:28:06,bmendez4,Paciente,CITA_CANCELADA,Cita,ID-01906,Operacion registrada automaticamente
2023-06-13 08:58:59,dgarcia71,Medico,RECETA_EMITIDA,Receta,ID-04871,Operacion registrada automaticamente
2023-06-13 09:12:16,mcastillo64,Paciente,PAGO_REGISTRADO,Factura,ID-07281,Operacion registrada automaticamente
2023-06-14 08:11:52,mromero46,Paciente,LOGIN_OK,Usuario,ID-07221,Operacion registrada automaticamente
2023-06-14 08:19:27,admin,Administrador,BUSQUEDA,Global,ID-05733,Operacion registrada automaticamente
2023-06-14 09:34:12,mromero46,Paciente,HISTORIAL_CONSULTA,Historial,ID-08879,Operacion registrada automaticamente
2023-06-14 11:38:56,igarcia20,Paciente,CITA_CANCELADA,Cita,ID-00773,Operacion registrada automaticamente
2023-06-14 13:54:34,dperez55,Paciente,HISTORIAL_CONSULTA,Historial,ID-02192,Operacion registrada automaticamente
2023-06-14 14:55:14,agarcia57,Paciente,LOGIN_OK,Usuario,ID-00870,Operacion registrada automaticamente
2023-06-15 08:03:17,dherrera66,Medico,RECETA_EMITIDA,Receta,ID-01851,Operacion registrada automaticamente
2023-06-15 09:07:14,admin,Administrador,BUSQUEDA,Global,ID-01487,Operacion registrada automaticamente
2023-06-15 17:41:00,mchavez33,Paciente,LOGIN_OK,Usuario,ID-07191,Operacion registrada automaticamente
2023-06-16 14:54:56,admin,Administrador,BUSQUEDA,Global,ID-06264,Operacion registrada automaticamente
2023-06-16 15:14:06,dlopez75,Medico,HISTORIAL_ENTRADA,Historial,ID-04484,Operacion registrada automaticamente
2023-06-16 15:31:40,mespinoza51,Paciente,PAGO_REGISTRADO,Factura,ID-02332,Operacion registrada automaticamente
2023-06-16 17:02:01,etapuy11,Paciente,LOGIN_OK,Usuario,ID-07448,Operacion registrada automaticamente
2023-06-17 10:54:23,lgomez36,Paciente,CITA_COMPLETADA,Cita,ID-08687,Operacion registrada automaticamente
2023-06-17 11:47:33,ccastillo12,Paciente,CITA_CREADA,Cita,ID-07662,Operacion registrada automaticamente
2023-06-17 15:17:13,admin,Administrador,BUSQUEDA,Global,ID-07350,Operacion registrada automaticamente
2023-06-18 09:17:10,dromero76,Medico,HISTORIAL_ENTRADA,Historial,ID-02111,Operacion registrada automaticamente
2023-06-18 12:52:35,iperez7,Paciente,CITA_CREADA,Cita,ID-08238,Operacion registrada automaticamente
2023-06-18 13:30:55,dsanchez56,Medico,RECETA_EMITIDA,Receta,ID-00556,Operacion registrada automaticamente
2023-06-18 15:05:00,admin,Administrador,BUSQUEDA,Global,ID-02645,Operacion registrada automaticamente
2023-06-19 08:36:46,ogrefa8,Paciente,PAGO_REGISTRADO,Factura,ID-01083,Operacion registrada automaticamente
2023-06-19 09:08:38,admin,Administrador,FACTURA_EMITIDA,Factura,ID-03026,Operacion registrada automaticamente
2023-06-19 11:09:10,dchavez62,Medico,HISTORIAL_ENTRADA,Historial,ID-02162,Operacion registrada automaticamente
2023-06-19 11:24:53,admin,Administrador,BUSQUEDA,Global,ID-05208,Operacion registrada automaticamente
2023-06-20 08:03:10,lromero40,Paciente,HISTORIAL_CONSULTA,Historial,ID-08551,Operacion registrada automaticamente
2023-06-20 16:16:42,admin,Administrador,BUSQUEDA,Global,ID-06991,Operacion registrada automaticamente
2023-06-21 08:19:04,dperez55,Paciente,CITA_CREADA,Cita,ID-05941,Operacion registrada automaticamente
2023-06-21 11:05:17,rchavez14,Paciente,CITA_CANCELADA,Cita,ID-03271,Operacion registrada automaticamente
2023-06-21 11:39:38,admin,Administrador,FACTURA_EMITIDA,Factura,ID-02436,Operacion registrada automaticamente
2023-06-21 15:06:05,hherrera16,Paciente,LOGIN_OK,Usuario,ID-08660,Operacion registrada automaticamente
2023-06-22 14:13:29,admin,Administrador,FACTURA_EMITIDA,Factura,ID-07429,Operacion registrada automaticamente
2023-06-22 14:32:16,rcruz46,Paciente,CITA_CREADA,Cita,ID-09956,Operacion registrada automaticamente
2023-06-23 08:26:09,admin,Administrador,BUSQUEDA,Global,ID-08429,Operacion registrada automaticamente
2023-06-23 11:47:35,framirez27,Paciente,CITA_CANCELADA,Cita,ID-05431,Operacion registrada automaticamente
2023-06-24 12:21:18,fortega27,Paciente,LOGIN_OK,Usuario,ID-07286,Operacion registrada automaticamente
2023-06-24 13:58:28,admin,Administrador,FACTURA_EMITIDA,Factura,ID-04873,Operacion registrada automaticamente
2023-06-24 16:16:41,admin,Administrador,FACTURA_EMITIDA,Factura,ID-09402,Operacion registrada automaticamente
2023-06-25 14:30:06,admin,Administrador,BUSQUEDA,Global,ID-05254,Operacion registrada automaticamente
2023-06-25 17:34:27,admin,Administrador,FACTURA_EMITIDA,Factura,ID-01091,Operacion registrada automaticamente
2023-06-26 11:40:06,hcaceres2,Paciente,HISTORIAL_CONSULTA,Historial,ID-03673,Operacion registrada automaticamente
2023-06-26 13:02:11,ngrefa5,Paciente,CITA_COMPLETADA,Cita,ID-00611,Operacion registrada automaticamente
2023-06-26 13:50:48,stapuy18,Paciente,CITA_CREADA,Cita,ID-04850,Operacion registrada automaticamente
2023-06-27 12:22:41,dherrera66,Medico,HISTORIAL_ENTRADA,Historial,ID-01018,Operacion registrada automaticamente
2023-06-27 17:40:05,admin,Administrador,BUSQUEDA,Global,ID-01521,Operacion registrada automaticamente
2023-06-28 14:17:57,pjimenez11,Paciente,PAGO_REGISTRADO,Factura,ID-00142,Operacion registrada automaticamente
2023-06-28 14:32:37,oespinoza6,Paciente,CITA_CREADA,Cita,ID-01150,Operacion registrada automaticamente
2023-06-28 15:58:17,vrivera5,Paciente,PAGO_REGISTRADO,Factura,ID-03726,Operacion registrada automaticamente
2023-06-28 17:32:15,admin,Administrador,FACTURA_EMITIDA,Factura,ID-07005,Operacion registrada automaticamente
2023-06-30 09:34:12,rherrera4,Paciente,LOGIN_OK,Usuario,ID-06750,Operacion registrada automaticamente
2023-06-30 13:13:40,cbenitez59,Paciente,LOGIN_OK,Usuario,ID-09846,Operacion registrada automaticamente
2023-06-30 15:29:55,admin,Administrador,FACTURA_EMITIDA,Factura,ID-06085,Operacion registrada automaticamente
2023-06-30 17:26:02,mchavez33,Paciente,LOGIN_OK,Usuario,ID-04331,Operacion registrada automaticamente
2023-07-01 14:14:29,admin,Administrador,BUSQUEDA,Global,ID-05016,Operacion registrada automaticamente
2023-07-02 08:48:58,fflores28,Paciente,CITA_COMPLETADA,Cita,ID-06042,Operacion registrada automaticamente
2023-07-02 12:31:32,daguilar64,Medico,RECETA_EMITIDA,Receta,ID-01574,Operacion registrada automaticamente
2023-07-02 13:42:03,agarcia28,Paciente,HISTORIAL_CONSULTA,Historial,ID-04697,Operacion registrada automaticamente
2023-07-03 14:59:39,mtorres75,Paciente,HISTORIAL_CONSULTA,Historial,ID-06070,Operacion registrada automaticamente
2023-07-04 10:16:52,admin,Administrador,BUSQUEDA,Global,ID-05942,Operacion registrada automaticamente
2023-07-04 15:32:03,dvargas58,Medico,HISTORIAL_ENTRADA,Historial,ID-05262,Operacion registrada automaticamente
2023-07-05 09:46:32,fperez1,Paciente,PAGO_REGISTRADO,Factura,ID-03183,Operacion registrada automaticamente
2023-07-05 12:12:20,dreyes39,Paciente,CITA_CREADA,Cita,ID-02458,Operacion registrada automaticamente
2023-07-05 12:40:02,despinoza7,Paciente,HISTORIAL_CONSULTA,Historial,ID-07307,Operacion registrada automaticamente
2023-07-05 16:21:08,rperez32,Paciente,CITA_CANCELADA,Cita,ID-02468,Operacion registrada automaticamente
2023-07-06 09:08:29,sbenitez39,Paciente,CITA_CANCELADA,Cita,ID-05417,Operacion registrada automaticamente
2023-07-06 09:37:41,gperez16,Paciente,CITA_COMPLETADA,Cita,ID-02967,Operacion registrada automaticamente
2023-07-06 12:18:41,bcruz1,Paciente,LOGIN_OK,Usuario,ID-09314,Operacion registrada automaticamente
2023-07-07 08:44:31,vcaceres2,Paciente,CITA_COMPLETADA,Cita,ID-00992,Operacion registrada automaticamente
2023-07-07 11:01:46,iruiz14,Paciente,PAGO_REGISTRADO,Factura,ID-05592,Operacion registrada automaticamente
2023-07-07 14:09:33,fcaceres25,Paciente,PAGO_REGISTRADO,Factura,ID-06693,Operacion registrada automaticamente
2023-07-07 16:59:34,dfigueroa20,Paciente,LOGIN_OK,Usuario,ID-02764,Operacion registrada automaticamente
2023-07-08 08:26:42,sgarcia30,Paciente,CITA_COMPLETADA,Cita,ID-09470,Operacion registrada automaticamente
2023-07-08 16:10:27,iromero17,Paciente,CITA_CREADA,Cita,ID-05302,Operacion registrada automaticamente
2023-07-09 09:39:18,admin,Administrador,FACTURA_EMITIDA,Factura,ID-03535,Operacion registrada automaticamente
2023-07-09 10:17:25,dfigueroa79,Medico,HISTORIAL_ENTRADA,Historial,ID-07607,Operacion registrada automaticamente
2023-07-09 10:57:12,bmendez4,Paciente,CITA_CANCELADA,Cita,ID-07620,Operacion registrada automaticamente
2023-07-09 11:48:51,ftapuy44,Paciente,CITA_CREADA,Cita,ID-07491,Operacion registrada automaticamente
2023-07-09 14:33:34,admin,Administrador,BUSQUEDA,Global,ID-06225,Operacion registrada automaticamente
2023-07-09 17:55:30,dherrera73,Medico,RECETA_EMITIDA,Receta,ID-07364,Operacion registrada automaticamente
2023-07-10 09:22:27,valvarado4,Paciente,CITA_COMPLETADA,Cita,ID-02460,Operacion registrada automaticamente
2023-07-10 10:11:06,hherrera16,Paciente,LOGIN_OK,Usuario,ID-03497,Operacion registrada automaticamente
2023-07-10 11:10:30,dromero75,Medico,HISTORIAL_ENTRADA,Historial,ID-07792,Operacion registrada automaticamente
2023-07-10 11:28:41,dherrera51,Paciente,HISTORIAL_CONSULTA,Historial,ID-08526,Operacion registrada automaticamente
2023-07-10 16:07:29,sjimenez2,Paciente,HISTORIAL_CONSULTA,Historial,ID-09368,Operacion registrada automaticamente
2023-07-11 15:39:27,dmartinez60,Medico,RECETA_EMITIDA,Receta,ID-03287,Operacion registrada automaticamente
2023-07-11 16:40:24,dgarcia71,Medico,HISTORIAL_ENTRADA,Historial,ID-06014,Operacion registrada automaticamente
2023-07-11 17:07:53,iperez7,Paciente,CITA_CANCELADA,Cita,ID-04587,Operacion registrada automaticamente
2023-07-12 08:56:58,nespinoza13,Paciente,HISTORIAL_CONSULTA,Historial,ID-01098,Operacion registrada automaticamente
2023-07-13 15:48:00,dgrefa64,Medico,RECETA_EMITIDA,Receta,ID-00264,Operacion registrada automaticamente
2023-07-13 17:56:46,lalvarado43,Paciente,CITA_COMPLETADA,Cita,ID-05935,Operacion registrada automaticamente
2023-07-14 08:34:11,ivargas7,Paciente,CITA_CREADA,Cita,ID-04813,Operacion registrada automaticamente
2023-07-14 08:49:58,mruiz18,Paciente,LOGIN_OK,Usuario,ID-09298,Operacion registrada automaticamente
2023-07-14 11:39:51,lfigueroa22,Paciente,PAGO_REGISTRADO,Factura,ID-08199,Operacion registrada automaticamente
2023-07-14 16:37:41,admin,Administrador,FACTURA_EMITIDA,Factura,ID-07109,Operacion registrada automaticamente
2023-07-15 12:22:06,dherrera77,Medico,RECETA_EMITIDA,Receta,ID-09600,Operacion registrada automaticamente
2023-07-16 08:16:09,dflores55,Medico,HISTORIAL_ENTRADA,Historial,ID-02328,Operacion registrada automaticamente
2023-07-16 08:33:58,fperez1,Paciente,CITA_CANCELADA,Cita,ID-00379,Operacion registrada automaticamente
2023-07-16 12:17:08,dreyes79,Medico,RECETA_EMITIDA,Receta,ID-09611,Operacion registrada automaticamente
2023-07-16 17:41:00,admin,Administrador,FACTURA_EMITIDA,Factura,ID-00749,Operacion registrada automaticamente
2023-07-17 15:37:51,ddiaz64,Medico,HISTORIAL_ENTRADA,Historial,ID-01164,Operacion registrada automaticamente
2023-07-17 17:55:44,scastillo8,Paciente,CITA_CREADA,Cita,ID-01435,Operacion registrada automaticamente
2023-07-18 14:02:03,rjimenez63,Paciente,PAGO_REGISTRADO,Factura,ID-06998,Operacion registrada automaticamente
2023-07-18 15:25:49,hjimenez5,Paciente,LOGIN_OK,Usuario,ID-08076,Operacion registrada automaticamente
2023-07-19 08:59:02,vcastillo1,Paciente,CITA_COMPLETADA,Cita,ID-00025,Operacion registrada automaticamente
2023-07-19 10:22:28,rrodriguez50,Paciente,HISTORIAL_CONSULTA,Historial,ID-02739,Operacion registrada automaticamente
2023-07-19 15:15:58,icastillo3,Paciente,CITA_COMPLETADA,Cita,ID-07557,Operacion registrada automaticamente
2023-07-19 15:52:00,sjimenez2,Paciente,CITA_CANCELADA,Cita,ID-01511,Operacion registrada automaticamente
2023-07-20 10:27:46,fchavez22,Paciente,CITA_COMPLETADA,Cita,ID-05524,Operacion registrada automaticamente
2023-07-20 11:44:36,druiz67,Medico,RECETA_EMITIDA,Receta,ID-03876,Operacion registrada automaticamente
2023-07-20 13:07:26,dramirez79,Medico,RECETA_EMITIDA,Receta,ID-01908,Operacion registrada automaticamente
2023-07-20 15:56:41,dherrera51,Paciente,CITA_CANCELADA,Cita,ID-02430,Operacion registrada automaticamente
2023-07-21 16:18:28,cespinoza44,Paciente,CITA_CREADA,Cita,ID-00667,Operacion registrada automaticamente
2023-07-22 10:55:15,bmendez4,Paciente,PAGO_REGISTRADO,Factura,ID-00784,Operacion registrada automaticamente
2023-07-22 15:14:35,daguilar10,Paciente,CITA_CANCELADA,Cita,ID-05294,Operacion registrada automaticamente
2023-07-22 15:14:42,fcruz20,Paciente,PAGO_REGISTRADO,Factura,ID-09520,Operacion registrada automaticamente
2023-07-23 12:04:33,admin,Administrador,FACTURA_EMITIDA,Factura,ID-00148,Operacion registrada automaticamente
2023-07-23 13:17:25,admin,Administrador,FACTURA_EMITIDA,Factura,ID-08569,Operacion registrada automaticamente
2023-07-23 15:25:31,admin,Administrador,FACTURA_EMITIDA,Factura,ID-03358,Operacion registrada automaticamente
2023-07-24 08:28:32,vcaceres2,Paciente,PAGO_REGISTRADO,Factura,ID-03367,Operacion registrada automaticamente
2023-07-24 15:36:07,admin,Administrador,FACTURA_EMITIDA,Factura,ID-06143,Operacion registrada automaticamente
2023-07-24 16:12:29,vguzman15,Paciente,CITA_COMPLETADA,Cita,ID-07503,Operacion registrada automaticamente
2023-07-25 11:11:47,dperez38,Paciente,CITA_CREADA,Cita,ID-05647,Operacion registrada automaticamente
2023-07-25 13:18:56,mespinoza67,Paciente,CITA_COMPLETADA,Cita,ID-01658,Operacion registrada automaticamente
2023-07-26 11:58:42,saguilar42,Paciente,CITA_CANCELADA,Cita,ID-07564,Operacion registrada automaticamente
2023-07-26 12:16:24,dperez69,Medico,HISTORIAL_ENTRADA,Historial,ID-09462,Operacion registrada automaticamente
2023-07-26 17:08:41,dmartinez60,Medico,RECETA_EMITIDA,Receta,ID-09584,Operacion registrada automaticamente
2023-07-26 17:29:23,vcaceres2,Paciente,CITA_CREADA,Cita,ID-09791,Operacion registrada automaticamente
2023-07-27 09:50:26,eguzman16,Paciente,CITA_CANCELADA,Cita,ID-08087,Operacion registrada automaticamente
2023-07-28 08:35:25,efigueroa5,Paciente,HISTORIAL_CONSULTA,Historial,ID-01063,Operacion registrada automaticamente
2023-07-28 17:19:04,ftapuy44,Paciente,HISTORIAL_CONSULTA,Historial,ID-01994,Operacion registrada automaticamente
2023-07-29 08:31:41,fchavez22,Paciente,CITA_COMPLETADA,Cita,ID-00336,Operacion registrada automaticamente
2023-07-29 12:32:32,mmendez,Paciente,LOGIN_OK,Usuario,ID-02812,Operacion registrada automaticamente
2023-07-29 15:29:01,dlopez50,Paciente,CITA_CANCELADA,Cita,ID-03910,Operacion registrada automaticamente
2023-07-29 17:15:19,dvega73,Medico,RECETA_EMITIDA,Receta,ID-05519,Operacion registrada automaticamente
2023-07-30 08:24:00,rperez32,Paciente,CITA_CANCELADA,Cita,ID-08551,Operacion registrada automaticamente
2023-07-30 12:53:56,dmartinez53,Paciente,CITA_COMPLETADA,Cita,ID-09110,Operacion registrada automaticamente
2023-07-30 14:41:16,nfigueroa1,Paciente,CITA_COMPLETADA,Cita,ID-09859,Operacion registrada automaticamente
2023-07-30 15:01:44,dflores57,Medico,HISTORIAL_ENTRADA,Historial,ID-06883,Operacion registrada automaticamente
2023-07-30 15:36:50,lgonzalez33,Paciente,CITA_CREADA,Cita,ID-02181,Operacion registrada automaticamente
2023-07-30 17:36:50,vcastillo1,Paciente,HISTORIAL_CONSULTA,Historial,ID-09949,Operacion registrada automaticamente
2023-07-31 12:17:11,rguzman42,Paciente,PAGO_REGISTRADO,Factura,ID-03606,Operacion registrada automaticamente
2023-07-31 15:45:20,dchavez62,Medico,RECETA_EMITIDA,Receta,ID-06112,Operacion registrada automaticamente
2023-08-01 10:26:11,dguzman71,Medico,RECETA_EMITIDA,Receta,ID-05003,Operacion registrada automaticamente
2023-08-01 15:16:22,dsanchez37,Paciente,CITA_CANCELADA,Cita,ID-00920,Operacion registrada automaticamente
2023-08-01 16:00:36,admin,Administrador,BUSQUEDA,Global,ID-02494,Operacion registrada automaticamente
2023-08-01 16:52:52,pflores33,Paciente,CITA_CREADA,Cita,ID-09128,Operacion registrada automaticamente
2023-08-02 08:00:24,lcruz38,Paciente,PAGO_REGISTRADO,Factura,ID-08356,Operacion registrada automaticamente
2023-08-02 09:11:33,rrodriguez50,Paciente,HISTORIAL_CONSULTA,Historial,ID-03332,Operacion registrada automaticamente
2023-08-02 10:11:34,pperez45,Paciente,CITA_CANCELADA,Cita,ID-07524,Operacion registrada automaticamente
2023-08-02 11:44:21,mgomez29,Paciente,CITA_COMPLETADA,Cita,ID-05072,Operacion registrada automaticamente
2023-08-02 14:12:48,admin,Administrador,FACTURA_EMITIDA,Factura,ID-02687,Operacion registrada automaticamente
2023-08-02 17:03:27,daguilar64,Medico,RECETA_EMITIDA,Receta,ID-05743,Operacion registrada automaticamente
2023-08-03 10:38:45,amendez4,Paciente,CITA_CANCELADA,Cita,ID-01103,Operacion registrada automaticamente
2023-08-03 11:13:35,admin,Administrador,BUSQUEDA,Global,ID-05815,Operacion registrada automaticamente
2023-08-03 14:58:59,lgomez36,Paciente,CITA_CANCELADA,Cita,ID-09242,Operacion registrada automaticamente
2023-08-03 15:06:09,vsanchez3,Paciente,PAGO_REGISTRADO,Factura,ID-05317,Operacion registrada automaticamente
2023-08-03 16:00:20,mreyes47,Paciente,CITA_COMPLETADA,Cita,ID-05162,Operacion registrada automaticamente
2023-08-04 08:29:56,admin,Administrador,BUSQUEDA,Global,ID-06234,Operacion registrada automaticamente
2023-08-04 14:38:44,mgarcia63,Paciente,LOGIN_OK,Usuario,ID-03542,Operacion registrada automaticamente
2023-08-04 15:42:23,nfigueroa1,Paciente,CITA_CANCELADA,Cita,ID-04729,Operacion registrada automaticamente
2023-08-05 10:54:18,admin,Administrador,FACTURA_EMITIDA,Factura,ID-03140,Operacion registrada automaticamente
2023-08-05 11:01:23,dramirez77,Medico,HISTORIAL_ENTRADA,Historial,ID-04862,Operacion registrada automaticamente
2023-08-05 11:45:27,mgonzalez53,Paciente,CITA_CREADA,Cita,ID-00679,Operacion registrada automaticamente
2023-08-05 17:51:54,dmartinez53,Paciente,PAGO_REGISTRADO,Factura,ID-09920,Operacion registrada automaticamente
2023-08-06 10:20:30,nespinoza13,Paciente,CITA_COMPLETADA,Cita,ID-06841,Operacion registrada automaticamente
2023-08-06 11:22:35,admin,Administrador,BUSQUEDA,Global,ID-06561,Operacion registrada automaticamente
2023-08-06 13:52:29,mmendez,Paciente,PAGO_REGISTRADO,Factura,ID-04027,Operacion registrada automaticamente
2023-08-07 09:41:25,mgonzalez53,Paciente,LOGIN_OK,Usuario,ID-09329,Operacion registrada automaticamente
2023-08-07 12:05:16,promero13,Paciente,HISTORIAL_CONSULTA,Historial,ID-09939,Operacion registrada automaticamente
2023-08-08 11:04:14,ctorres71,Paciente,PAGO_REGISTRADO,Factura,ID-08124,Operacion registrada automaticamente
2023-08-08 15:46:33,vespinoza8,Paciente,LOGIN_OK,Usuario,ID-00151,Operacion registrada automaticamente
2023-08-09 12:02:22,saguilar42,Paciente,LOGIN_OK,Usuario,ID-03968,Operacion registrada automaticamente
2023-08-10 12:13:25,bcruz1,Paciente,LOGIN_OK,Usuario,ID-08521,Operacion registrada automaticamente
2023-08-10 12:23:22,admin,Administrador,FACTURA_EMITIDA,Factura,ID-01760,Operacion registrada automaticamente
2023-08-10 17:50:15,vfigueroa39,Paciente,CITA_CREADA,Cita,ID-01304,Operacion registrada automaticamente
2023-08-11 08:10:12,dramirez76,Medico,HISTORIAL_ENTRADA,Historial,ID-05708,Operacion registrada automaticamente
2023-08-11 08:27:10,lgonzalez33,Paciente,HISTORIAL_CONSULTA,Historial,ID-01201,Operacion registrada automaticamente
2023-08-11 15:01:35,dflores55,Medico,RECETA_EMITIDA,Receta,ID-02192,Operacion registrada automaticamente
2023-08-12 11:25:53,lgonzalez33,Paciente,CITA_COMPLETADA,Cita,ID-04951,Operacion registrada automaticamente
2023-08-12 11:59:56,dcaceres67,Medico,HISTORIAL_ENTRADA,Historial,ID-05638,Operacion registrada automaticamente
2023-08-12 13:47:47,dsanchez62,Medico,HISTORIAL_ENTRADA,Historial,ID-02835,Operacion registrada automaticamente
2023-08-14 08:59:24,dtapuy27,Paciente,PAGO_REGISTRADO,Factura,ID-05270,Operacion registrada automaticamente
2023-08-14 10:21:39,dguzman71,Medico,HISTORIAL_ENTRADA,Historial,ID-06719,Operacion registrada automaticamente
2023-08-14 13:49:59,admin,Administrador,BUSQUEDA,Global,ID-08907,Operacion registrada automaticamente
2023-08-15 09:52:59,admin,Administrador,FACTURA_EMITIDA,Factura,ID-07513,Operacion registrada automaticamente
2023-08-15 16:49:05,mtorres75,Paciente,HISTORIAL_CONSULTA,Historial,ID-04505,Operacion registrada automaticamente
2023-08-18 10:28:28,sespinoza15,Paciente,CITA_COMPLETADA,Cita,ID-00383,Operacion registrada automaticamente
2023-08-18 11:13:45,abenitez35,Paciente,CITA_COMPLETADA,Cita,ID-05850,Operacion registrada automaticamente
2023-08-18 12:56:56,mchavez33,Paciente,CITA_CREADA,Cita,ID-05436,Operacion registrada automaticamente
2023-08-18 16:52:51,vespinoza8,Paciente,CITA_CANCELADA,Cita,ID-01045,Operacion registrada automaticamente
2023-08-18 17:21:08,dcerda73,Medico,HISTORIAL_ENTRADA,Historial,ID-04585,Operacion registrada automaticamente
2023-08-19 10:51:33,druiz67,Medico,HISTORIAL_ENTRADA,Historial,ID-03945,Operacion registrada automaticamente
2023-08-19 13:02:50,ogrefa8,Paciente,CITA_CANCELADA,Cita,ID-00036,Operacion registrada automaticamente
2023-08-19 14:10:39,admin,Administrador,BUSQUEDA,Global,ID-04135,Operacion registrada automaticamente
2023-08-19 14:17:27,tespinoza2,Paciente,HISTORIAL_CONSULTA,Historial,ID-04998,Operacion registrada automaticamente
2023-08-19 17:53:37,sgarcia52,Paciente,PAGO_REGISTRADO,Factura,ID-00851,Operacion registrada automaticamente
2023-08-19 17:54:38,dlopez75,Medico,RECETA_EMITIDA,Receta,ID-04595,Operacion registrada automaticamente
2023-08-20 09:22:28,admin,Administrador,BUSQUEDA,Global,ID-00808,Operacion registrada automaticamente
2023-08-20 11:44:00,admin,Administrador,FACTURA_EMITIDA,Factura,ID-06336,Operacion registrada automaticamente
2023-08-20 12:21:43,dfigueroa76,Medico,HISTORIAL_ENTRADA,Historial,ID-05583,Operacion registrada automaticamente
2023-08-20 16:21:08,daguilar10,Paciente,HISTORIAL_CONSULTA,Historial,ID-05929,Operacion registrada automaticamente
2023-08-20 17:55:45,dflores57,Medico,HISTORIAL_ENTRADA,Historial,ID-02197,Operacion registrada automaticamente
2023-08-21 12:26:23,sgarcia52,Paciente,CITA_CANCELADA,Cita,ID-05637,Operacion registrada automaticamente
2023-08-21 16:52:57,druiz71,Medico,HISTORIAL_ENTRADA,Historial,ID-05729,Operacion registrada automaticamente
2023-08-21 17:12:11,admin,Administrador,FACTURA_EMITIDA,Factura,ID-03883,Operacion registrada automaticamente
2023-08-22 09:22:22,jramos10,Paciente,HISTORIAL_CONSULTA,Historial,ID-00832,Operacion registrada automaticamente
2023-08-22 11:48:25,admin,Administrador,BUSQUEDA,Global,ID-01699,Operacion registrada automaticamente
2023-08-22 17:25:02,admin,Administrador,BUSQUEDA,Global,ID-06851,Operacion registrada automaticamente
2023-08-23 14:48:02,cflores49,Paciente,CITA_COMPLETADA,Cita,ID-00478,Operacion registrada automaticamente
2023-08-24 11:11:10,dramirez76,Medico,HISTORIAL_ENTRADA,Historial,ID-02869,Operacion registrada automaticamente
2023-08-24 15:16:21,ivargas7,Paciente,CITA_CREADA,Cita,ID-09889,Operacion registrada automaticamente
2023-08-25 08:19:19,etapuy11,Paciente,CITA_CANCELADA,Cita,ID-04562,Operacion registrada automaticamente
2023-08-25 11:06:58,mgomez29,Paciente,HISTORIAL_CONSULTA,Historial,ID-04387,Operacion registrada automaticamente
2023-08-25 11:46:47,dromero75,Medico,RECETA_EMITIDA,Receta,ID-07821,Operacion registrada automaticamente
2023-08-25 12:06:26,dmendez66,Medico,HISTORIAL_ENTRADA,Historial,ID-09764,Operacion registrada automaticamente
2023-08-25 15:43:13,acaceres12,Paciente,CITA_CANCELADA,Cita,ID-02542,Operacion registrada automaticamente
2023-08-25 17:55:35,pgomez54,Paciente,LOGIN_OK,Usuario,ID-02903,Operacion registrada automaticamente
2023-08-26 15:08:06,admin,Administrador,FACTURA_EMITIDA,Factura,ID-07761,Operacion registrada automaticamente
2023-08-27 11:31:25,admin,Administrador,FACTURA_EMITIDA,Factura,ID-00838,Operacion registrada automaticamente
2023-08-27 14:45:36,druiz63,Medico,HISTORIAL_ENTRADA,Historial,ID-03480,Operacion registrada automaticamente
2023-08-28 15:12:06,rchavez14,Paciente,LOGIN_OK,Usuario,ID-01692,Operacion registrada automaticamente
2023-08-29 08:46:04,admin,Administrador,FACTURA_EMITIDA,Factura,ID-06145,Operacion registrada automaticamente
2023-08-29 15:23:49,pgomez54,Paciente,CITA_CANCELADA,Cita,ID-00705,Operacion registrada automaticamente
2023-08-29 16:55:15,ccerda3,Paciente,HISTORIAL_CONSULTA,Historial,ID-07678,Operacion registrada automaticamente
2023-08-30 13:06:59,aperez3,Paciente,HISTORIAL_CONSULTA,Historial,ID-06372,Operacion registrada automaticamente
2023-08-30 15:34:45,maguilar12,Paciente,CITA_CANCELADA,Cita,ID-01310,Operacion registrada automaticamente
2023-08-30 17:49:26,agrefa27,Paciente,HISTORIAL_CONSULTA,Historial,ID-09540,Operacion registrada automaticamente
2023-08-31 09:52:03,admin,Administrador,FACTURA_EMITIDA,Factura,ID-03836,Operacion registrada automaticamente
2023-08-31 10:40:14,lcerda41,Paciente,CITA_CANCELADA,Cita,ID-08412,Operacion registrada automaticamente
2023-08-31 11:18:22,ogrefa8,Paciente,HISTORIAL_CONSULTA,Historial,ID-04977,Operacion registrada automaticamente
2023-09-01 13:50:11,pbenitez40,Paciente,PAGO_REGISTRADO,Factura,ID-09053,Operacion registrada automaticamente
2023-09-03 15:23:59,mespinoza67,Paciente,PAGO_REGISTRADO,Factura,ID-02344,Operacion registrada automaticamente
2023-09-04 11:46:21,ccastillo12,Paciente,PAGO_REGISTRADO,Factura,ID-00211,Operacion registrada automaticamente
2023-09-04 12:32:47,saguilar42,Paciente,CITA_COMPLETADA,Cita,ID-08616,Operacion registrada automaticamente
2023-09-04 12:39:19,admin,Administrador,FACTURA_EMITIDA,Factura,ID-06774,Operacion registrada automaticamente
2023-09-05 11:29:12,gperez16,Paciente,CITA_CANCELADA,Cita,ID-01923,Operacion registrada automaticamente
2023-09-05 15:27:40,sgarcia52,Paciente,PAGO_REGISTRADO,Factura,ID-07853,Operacion registrada automaticamente
2023-09-06 11:28:56,agrefa27,Paciente,CITA_CREADA,Cita,ID-04877,Operacion registrada automaticamente
2023-09-06 16:05:57,ochavez12,Paciente,HISTORIAL_CONSULTA,Historial,ID-01291,Operacion registrada automaticamente
2023-09-06 17:01:31,nespinoza13,Paciente,CITA_CREADA,Cita,ID-00062,Operacion registrada automaticamente
2023-09-06 17:37:06,storres26,Paciente,CITA_CANCELADA,Cita,ID-05465,Operacion registrada automaticamente
2023-09-07 08:58:53,admin,Administrador,FACTURA_EMITIDA,Factura,ID-08826,Operacion registrada automaticamente
2023-09-07 10:38:18,dortega43,Paciente,PAGO_REGISTRADO,Factura,ID-06016,Operacion registrada automaticamente
2023-09-07 11:48:05,vcaceres2,Paciente,CITA_CANCELADA,Cita,ID-09617,Operacion registrada automaticamente
2023-09-08 08:07:40,admin,Administrador,FACTURA_EMITIDA,Factura,ID-09895,Operacion registrada automaticamente
2023-09-09 15:32:29,pfigueroa29,Paciente,PAGO_REGISTRADO,Factura,ID-01346,Operacion registrada automaticamente
2023-09-09 15:48:03,dsanchez37,Paciente,CITA_CREADA,Cita,ID-06134,Operacion registrada automaticamente
2023-09-09 16:32:12,ashiguango56,Paciente,CITA_CREADA,Cita,ID-00530,Operacion registrada automaticamente
2023-09-09 17:12:21,admin,Administrador,BUSQUEDA,Global,ID-02613,Operacion registrada automaticamente
2023-09-10 11:18:18,lgomez36,Paciente,PAGO_REGISTRADO,Factura,ID-01396,Operacion registrada automaticamente
2023-09-10 12:09:16,dgrefa78,Medico,HISTORIAL_ENTRADA,Historial,ID-07191,Operacion registrada automaticamente
2023-09-10 14:42:45,dvega73,Medico,RECETA_EMITIDA,Receta,ID-09493,Operacion registrada automaticamente
2023-09-12 08:48:46,dperez55,Paciente,HISTORIAL_CONSULTA,Historial,ID-05949,Operacion registrada automaticamente
2023-09-12 15:11:22,dgonzalez56,Paciente,PAGO_REGISTRADO,Factura,ID-08982,Operacion registrada automaticamente
2023-09-12 15:25:16,admin,Administrador,FACTURA_EMITIDA,Factura,ID-06471,Operacion registrada automaticamente
2023-09-13 10:45:27,dperez75,Medico,RECETA_EMITIDA,Receta,ID-00471,Operacion registrada automaticamente
2023-09-13 15:59:41,admin,Administrador,FACTURA_EMITIDA,Factura,ID-03672,Operacion registrada automaticamente
2023-09-13 17:24:16,vruiz33,Paciente,HISTORIAL_CONSULTA,Historial,ID-05701,Operacion registrada automaticamente
2023-09-14 11:14:08,smendez48,Paciente,PAGO_REGISTRADO,Factura,ID-08673,Operacion registrada automaticamente
2023-09-14 13:57:31,ccastro52,Paciente,CITA_CANCELADA,Cita,ID-06999,Operacion registrada automaticamente
2023-09-14 16:55:52,daguilar64,Medico,RECETA_EMITIDA,Receta,ID-08069,Operacion registrada automaticamente
2023-09-15 10:29:09,pcruz29,Paciente,PAGO_REGISTRADO,Factura,ID-04126,Operacion registrada automaticamente
2023-09-16 11:29:35,ccastillo12,Paciente,HISTORIAL_CONSULTA,Historial,ID-01945,Operacion registrada automaticamente
2023-09-16 13:50:39,dtapuy74,Medico,HISTORIAL_ENTRADA,Historial,ID-00422,Operacion registrada automaticamente
2023-09-16 15:29:24,admin,Administrador,FACTURA_EMITIDA,Factura,ID-02826,Operacion registrada automaticamente
2023-09-17 08:36:34,bmendez4,Paciente,CITA_COMPLETADA,Cita,ID-04803,Operacion registrada automaticamente
2023-09-17 09:08:25,dherrera73,Medico,RECETA_EMITIDA,Receta,ID-05957,Operacion registrada automaticamente
2023-09-17 14:38:31,rherrera4,Paciente,CITA_CREADA,Cita,ID-07256,Operacion registrada automaticamente
2023-09-17 16:57:45,cmendez20,Paciente,PAGO_REGISTRADO,Factura,ID-04920,Operacion registrada automaticamente
2023-09-18 12:16:20,admin,Administrador,BUSQUEDA,Global,ID-01999,Operacion registrada automaticamente
2023-09-19 17:44:39,rshiguango25,Paciente,CITA_CANCELADA,Cita,ID-05854,Operacion registrada automaticamente
2023-09-20 08:00:03,admin,Administrador,BUSQUEDA,Global,ID-00677,Operacion registrada automaticamente
2023-09-20 11:07:26,dcerda14,Paciente,PAGO_REGISTRADO,Factura,ID-07884,Operacion registrada automaticamente
2023-09-21 16:02:33,admin,Administrador,BUSQUEDA,Global,ID-02093,Operacion registrada automaticamente
2023-09-22 09:23:35,eguzman16,Paciente,HISTORIAL_CONSULTA,Historial,ID-05364,Operacion registrada automaticamente
2023-09-22 14:24:30,admin,Administrador,BUSQUEDA,Global,ID-01360,Operacion registrada automaticamente
2023-09-23 09:40:46,dsanchez37,Paciente,CITA_CANCELADA,Cita,ID-06667,Operacion registrada automaticamente
2023-09-24 08:04:03,rreyes3,Paciente,HISTORIAL_CONSULTA,Historial,ID-02389,Operacion registrada automaticamente
2023-09-24 08:48:58,admin,Administrador,BUSQUEDA,Global,ID-08445,Operacion registrada automaticamente
2023-09-24 10:16:38,dherrera73,Medico,RECETA_EMITIDA,Receta,ID-00125,Operacion registrada automaticamente
2023-09-25 10:18:54,jramos10,Paciente,CITA_CREADA,Cita,ID-00379,Operacion registrada automaticamente
2023-09-25 13:27:56,admin,Administrador,FACTURA_EMITIDA,Factura,ID-04200,Operacion registrada automaticamente
2023-09-25 17:14:18,portega29,Paciente,LOGIN_OK,Usuario,ID-00329,Operacion registrada automaticamente
2023-09-26 08:03:47,rjimenez63,Paciente,CITA_CREADA,Cita,ID-04907,Operacion registrada automaticamente
2023-09-26 11:18:51,dherrera77,Medico,RECETA_EMITIDA,Receta,ID-05658,Operacion registrada automaticamente
2023-09-27 09:10:30,lcruz27,Paciente,LOGIN_OK,Usuario,ID-06239,Operacion registrada automaticamente
2023-09-27 13:42:36,iromero17,Paciente,CITA_CANCELADA,Cita,ID-06047,Operacion registrada automaticamente
2023-09-27 15:44:23,pflores33,Paciente,CITA_CANCELADA,Cita,ID-01071,Operacion registrada automaticamente
2023-09-28 08:10:26,hcaceres2,Paciente,LOGIN_OK,Usuario,ID-00148,Operacion registrada automaticamente
2023-09-28 10:43:15,dcerda73,Medico,RECETA_EMITIDA,Receta,ID-03982,Operacion registrada automaticamente
2023-09-28 10:57:54,brodriguez6,Paciente,CITA_CANCELADA,Cita,ID-05635,Operacion registrada automaticamente
2023-09-28 11:12:12,dflores64,Medico,HISTORIAL_ENTRADA,Historial,ID-08887,Operacion registrada automaticamente
2023-09-28 11:18:30,dfigueroa76,Medico,HISTORIAL_ENTRADA,Historial,ID-08878,Operacion registrada automaticamente
2023-09-28 15:57:18,dmendez66,Medico,RECETA_EMITIDA,Receta,ID-09488,Operacion registrada automaticamente
2023-09-29 10:03:20,vguzman15,Paciente,CITA_CREADA,Cita,ID-02784,Operacion registrada automaticamente
2023-09-30 10:04:56,pfigueroa29,Paciente,HISTORIAL_CONSULTA,Historial,ID-06231,Operacion registrada automaticamente
2023-09-30 10:16:45,nespinoza13,Paciente,CITA_CREADA,Cita,ID-02833,Operacion registrada automaticamente
2023-09-30 11:23:10,dfigueroa76,Medico,RECETA_EMITIDA,Receta,ID-09239,Operacion registrada automaticamente
2023-09-30 12:25:47,ashiguango56,Paciente,PAGO_REGISTRADO,Factura,ID-05618,Operacion registrada automaticamente
2023-09-30 14:31:03,caguilar20,Paciente,HISTORIAL_CONSULTA,Historial,ID-04710,Operacion registrada automaticamente
2023-09-30 14:34:37,frodriguez13,Paciente,HISTORIAL_CONSULTA,Historial,ID-07676,Operacion registrada automaticamente
2023-10-02 13:27:56,hjimenez5,Paciente,CITA_CANCELADA,Cita,ID-04267,Operacion registrada automaticamente
2023-10-02 15:14:17,mcastillo22,Paciente,CITA_CREADA,Cita,ID-04927,Operacion registrada automaticamente
2023-10-02 17:30:18,admin,Administrador,BUSQUEDA,Global,ID-01620,Operacion registrada automaticamente
2023-10-02 17:41:47,ftapuy44,Paciente,CITA_COMPLETADA,Cita,ID-02242,Operacion registrada automaticamente
2023-10-03 08:49:15,eherrera4,Paciente,CITA_CREADA,Cita,ID-05007,Operacion registrada automaticamente
2023-10-03 14:08:47,frodriguez13,Paciente,PAGO_REGISTRADO,Factura,ID-09532,Operacion registrada automaticamente
2023-10-03 17:57:38,dflores57,Medico,RECETA_EMITIDA,Receta,ID-08834,Operacion registrada automaticamente
2023-10-04 09:09:09,admin,Administrador,BUSQUEDA,Global,ID-08084,Operacion registrada automaticamente
2023-10-04 11:33:16,admin,Administrador,BUSQUEDA,Global,ID-03429,Operacion registrada automaticamente
2023-10-04 14:42:09,dsanchez62,Medico,RECETA_EMITIDA,Receta,ID-07286,Operacion registrada automaticamente
2023-10-04 17:07:46,admin,Administrador,FACTURA_EMITIDA,Factura,ID-04947,Operacion registrada automaticamente
2023-10-05 11:25:46,nvargas,Paciente,PAGO_REGISTRADO,Factura,ID-05168,Operacion registrada automaticamente
2023-10-05 12:04:57,admin,Administrador,BUSQUEDA,Global,ID-07012,Operacion registrada automaticamente
2023-10-06 17:03:19,hcaceres2,Paciente,LOGIN_OK,Usuario,ID-02566,Operacion registrada automaticamente
2023-10-07 11:39:48,egarcia7,Paciente,HISTORIAL_CONSULTA,Historial,ID-01286,Operacion registrada automaticamente
2023-10-07 17:52:38,ccastillo11,Paciente,CITA_COMPLETADA,Cita,ID-08571,Operacion registrada automaticamente
2023-10-08 14:11:48,svargas14,Paciente,CITA_CREADA,Cita,ID-06250,Operacion registrada automaticamente
2023-10-08 14:49:59,dmartinez70,Medico,HISTORIAL_ENTRADA,Historial,ID-03532,Operacion registrada automaticamente
2023-10-08 16:10:49,sbenitez39,Paciente,CITA_CANCELADA,Cita,ID-05898,Operacion registrada automaticamente
2023-10-09 12:36:47,mruiz,Paciente,CITA_COMPLETADA,Cita,ID-05136,Operacion registrada automaticamente
2023-10-09 17:01:26,dperez69,Medico,HISTORIAL_ENTRADA,Historial,ID-01652,Operacion registrada automaticamente
2023-10-10 08:46:10,alopez31,Paciente,HISTORIAL_CONSULTA,Historial,ID-02152,Operacion registrada automaticamente
2023-10-10 08:57:42,hherrera16,Paciente,PAGO_REGISTRADO,Factura,ID-05933,Operacion registrada automaticamente
2023-10-10 12:41:16,etapuy11,Paciente,LOGIN_OK,Usuario,ID-01845,Operacion registrada automaticamente
2023-10-10 12:52:02,dreyes39,Paciente,LOGIN_OK,Usuario,ID-09259,Operacion registrada automaticamente
2023-10-10 13:38:06,drivera21,Paciente,CITA_CANCELADA,Cita,ID-04441,Operacion registrada automaticamente
2023-10-11 09:04:22,sbenitez39,Paciente,CITA_CREADA,Cita,ID-00099,Operacion registrada automaticamente
2023-10-11 09:21:21,admin,Administrador,BUSQUEDA,Global,ID-07285,Operacion registrada automaticamente
2023-10-11 12:01:47,pperez45,Paciente,LOGIN_OK,Usuario,ID-07843,Operacion registrada automaticamente
2023-10-11 17:31:18,admin,Administrador,BUSQUEDA,Global,ID-05212,Operacion registrada automaticamente
2023-10-12 11:39:43,sbenitez39,Paciente,PAGO_REGISTRADO,Factura,ID-04427,Operacion registrada automaticamente
2023-10-12 13:02:40,srivera14,Paciente,CITA_COMPLETADA,Cita,ID-00629,Operacion registrada automaticamente
2023-10-12 13:35:14,mespinoza67,Paciente,LOGIN_OK,Usuario,ID-05899,Operacion registrada automaticamente
2023-10-12 13:48:49,lguzman23,Paciente,HISTORIAL_CONSULTA,Historial,ID-03575,Operacion registrada automaticamente
2023-10-12 16:28:37,brodriguez6,Paciente,CITA_CREADA,Cita,ID-02130,Operacion registrada automaticamente
2023-10-13 09:01:40,lromero40,Paciente,CITA_CREADA,Cita,ID-03649,Operacion registrada automaticamente
2023-10-13 11:44:35,admin,Administrador,FACTURA_EMITIDA,Factura,ID-03342,Operacion registrada automaticamente
2023-10-13 13:37:59,dflores64,Medico,HISTORIAL_ENTRADA,Historial,ID-03167,Operacion registrada automaticamente
2023-10-13 14:38:59,amendez4,Paciente,CITA_CREADA,Cita,ID-07864,Operacion registrada automaticamente
2023-10-13 15:37:24,amartinez25,Paciente,LOGIN_OK,Usuario,ID-05246,Operacion registrada automaticamente
2023-10-13 17:46:26,admin,Administrador,BUSQUEDA,Global,ID-00938,Operacion registrada automaticamente
2023-10-14 15:06:21,admin,Administrador,FACTURA_EMITIDA,Factura,ID-06843,Operacion registrada automaticamente
2023-10-14 17:09:48,dflores55,Medico,RECETA_EMITIDA,Receta,ID-08935,Operacion registrada automaticamente
2023-10-14 17:48:41,fchavez22,Paciente,PAGO_REGISTRADO,Factura,ID-03093,Operacion registrada automaticamente
2023-10-15 10:56:16,lramos4,Paciente,CITA_CANCELADA,Cita,ID-06608,Operacion registrada automaticamente
2023-10-15 11:28:04,agarcia28,Paciente,CITA_CREADA,Cita,ID-05609,Operacion registrada automaticamente
2023-10-15 15:45:03,admin,Administrador,FACTURA_EMITIDA,Factura,ID-03258,Operacion registrada automaticamente
2023-10-16 10:23:35,dfigueroa20,Paciente,CITA_COMPLETADA,Cita,ID-03192,Operacion registrada automaticamente
2023-10-16 16:13:18,dmartinez53,Paciente,HISTORIAL_CONSULTA,Historial,ID-01839,Operacion registrada automaticamente
2023-10-16 17:42:26,pflores33,Paciente,LOGIN_OK,Usuario,ID-01054,Operacion registrada automaticamente
2023-10-17 10:23:55,frodriguez13,Paciente,CITA_CREADA,Cita,ID-07106,Operacion registrada automaticamente
2023-10-17 13:09:49,evega12,Paciente,CITA_CANCELADA,Cita,ID-02638,Operacion registrada automaticamente
2023-10-17 16:11:28,dmartinez60,Medico,RECETA_EMITIDA,Receta,ID-09707,Operacion registrada automaticamente
2023-10-17 17:12:14,dmendez66,Medico,HISTORIAL_ENTRADA,Historial,ID-01562,Operacion registrada automaticamente
2023-10-18 10:05:21,admin,Administrador,FACTURA_EMITIDA,Factura,ID-00429,Operacion registrada automaticamente
2023-10-18 13:44:18,ddiaz60,Medico,RECETA_EMITIDA,Receta,ID-09574,Operacion registrada automaticamente
2023-10-18 14:24:29,sgarcia4,Paciente,CITA_COMPLETADA,Cita,ID-08654,Operacion registrada automaticamente
2023-10-18 15:57:21,admin,Administrador,BUSQUEDA,Global,ID-02071,Operacion registrada automaticamente
2023-10-18 17:46:29,tespinoza2,Paciente,CITA_COMPLETADA,Cita,ID-00621,Operacion registrada automaticamente
2023-10-19 10:04:37,dguzman71,Medico,RECETA_EMITIDA,Receta,ID-09455,Operacion registrada automaticamente
2023-10-19 11:45:08,lgomez36,Paciente,CITA_CREADA,Cita,ID-00374,Operacion registrada automaticamente
2023-10-19 16:08:09,efigueroa5,Paciente,HISTORIAL_CONSULTA,Historial,ID-09263,Operacion registrada automaticamente
2023-10-20 10:14:59,malvarado21,Paciente,CITA_COMPLETADA,Cita,ID-01215,Operacion registrada automaticamente
2023-10-20 10:40:56,admin,Administrador,BUSQUEDA,Global,ID-07946,Operacion registrada automaticamente
2023-10-21 10:50:10,lgonzalez33,Paciente,LOGIN_OK,Usuario,ID-00819,Operacion registrada automaticamente
2023-10-21 15:04:59,dperez69,Medico,HISTORIAL_ENTRADA,Historial,ID-09829,Operacion registrada automaticamente
2023-10-21 15:22:19,admin,Administrador,BUSQUEDA,Global,ID-01067,Operacion registrada automaticamente
2023-10-22 11:31:18,arivera19,Paciente,HISTORIAL_CONSULTA,Historial,ID-03486,Operacion registrada automaticamente
2023-10-22 15:37:40,hherrera16,Paciente,PAGO_REGISTRADO,Factura,ID-00312,Operacion registrada automaticamente
2023-10-23 09:14:42,sromero12,Paciente,CITA_CREADA,Cita,ID-01168,Operacion registrada automaticamente
2023-10-23 10:04:24,arodriguez53,Paciente,CITA_COMPLETADA,Cita,ID-06802,Operacion registrada automaticamente
2023-10-23 12:37:05,lcruz38,Paciente,CITA_COMPLETADA,Cita,ID-07802,Operacion registrada automaticamente
2023-10-23 13:11:54,admin,Administrador,BUSQUEDA,Global,ID-02774,Operacion registrada automaticamente
2023-10-24 08:20:04,admin,Administrador,FACTURA_EMITIDA,Factura,ID-02761,Operacion registrada automaticamente
2023-10-24 08:23:43,lmendez24,Paciente,CITA_COMPLETADA,Cita,ID-09701,Operacion registrada automaticamente
2023-10-24 09:53:14,amartinez25,Paciente,CITA_CREADA,Cita,ID-09774,Operacion registrada automaticamente
2023-10-24 11:56:22,sgarcia30,Paciente,PAGO_REGISTRADO,Factura,ID-09111,Operacion registrada automaticamente
2023-10-24 11:59:20,aramirez44,Paciente,CITA_CREADA,Cita,ID-03804,Operacion registrada automaticamente
2023-10-24 14:25:50,vflores13,Paciente,LOGIN_OK,Usuario,ID-07028,Operacion registrada automaticamente
2023-10-25 12:05:50,eherrera4,Paciente,LOGIN_OK,Usuario,ID-01984,Operacion registrada automaticamente
2023-10-25 12:38:00,mruiz18,Paciente,CITA_CANCELADA,Cita,ID-09120,Operacion registrada automaticamente
2023-10-25 14:40:37,admin,Administrador,FACTURA_EMITIDA,Factura,ID-05460,Operacion registrada automaticamente
2023-10-26 08:38:32,admin,Administrador,BUSQUEDA,Global,ID-09930,Operacion registrada automaticamente
2023-10-26 10:24:49,admin,Administrador,BUSQUEDA,Global,ID-01701,Operacion registrada automaticamente
2023-10-26 10:37:06,admin,Administrador,BUSQUEDA,Global,ID-07599,Operacion registrada automaticamente
2023-10-26 11:30:02,admin,Administrador,FACTURA_EMITIDA,Factura,ID-08684,Operacion registrada automaticamente
2023-10-27 08:32:09,rperez32,Paciente,LOGIN_OK,Usuario,ID-03836,Operacion registrada automaticamente
2023-10-27 09:38:57,cmartinez31,Paciente,LOGIN_OK,Usuario,ID-04757,Operacion registrada automaticamente
2023-10-27 11:18:09,cmendez20,Paciente,CITA_COMPLETADA,Cita,ID-08526,Operacion registrada automaticamente
2023-10-27 15:36:14,egarcia7,Paciente,CITA_COMPLETADA,Cita,ID-06130,Operacion registrada automaticamente
2023-10-27 16:05:05,vchavez25,Paciente,LOGIN_OK,Usuario,ID-03387,Operacion registrada automaticamente
2023-10-28 10:55:23,admin,Administrador,FACTURA_EMITIDA,Factura,ID-08137,Operacion registrada automaticamente
2023-10-28 14:51:23,admin,Administrador,FACTURA_EMITIDA,Factura,ID-08548,Operacion registrada automaticamente
2023-10-28 17:18:50,admin,Administrador,BUSQUEDA,Global,ID-04595,Operacion registrada automaticamente
2023-10-29 08:17:21,pfigueroa29,Paciente,CITA_CREADA,Cita,ID-02368,Operacion registrada automaticamente
2023-10-29 09:58:59,mruiz18,Paciente,HISTORIAL_CONSULTA,Historial,ID-03465,Operacion registrada automaticamente
2023-10-29 10:21:08,dgrefa78,Medico,RECETA_EMITIDA,Receta,ID-04428,Operacion registrada automaticamente
2023-10-29 15:00:22,admin,Administrador,BUSQUEDA,Global,ID-04836,Operacion registrada automaticamente
2023-10-30 13:38:00,ddiaz60,Medico,HISTORIAL_ENTRADA,Historial,ID-00526,Operacion registrada automaticamente
2023-10-30 13:53:32,rreyes3,Paciente,CITA_COMPLETADA,Cita,ID-05198,Operacion registrada automaticamente
2023-10-30 14:38:00,dfigueroa78,Medico,HISTORIAL_ENTRADA,Historial,ID-02605,Operacion registrada automaticamente
2023-10-30 15:00:47,framirez27,Paciente,PAGO_REGISTRADO,Factura,ID-09828,Operacion registrada automaticamente
2023-10-30 16:31:24,scastillo8,Paciente,PAGO_REGISTRADO,Factura,ID-01961,Operacion registrada automaticamente
2023-10-30 17:58:27,acastillo36,Paciente,HISTORIAL_CONSULTA,Historial,ID-01432,Operacion registrada automaticamente
2023-10-31 08:51:26,cmendez20,Paciente,LOGIN_OK,Usuario,ID-01938,Operacion registrada automaticamente
2023-10-31 12:01:04,sgarcia52,Paciente,CITA_CREADA,Cita,ID-08689,Operacion registrada automaticamente
2023-10-31 14:06:56,admin,Administrador,BUSQUEDA,Global,ID-07817,Operacion registrada automaticamente
2023-10-31 16:41:21,alopez31,Paciente,CITA_CREADA,Cita,ID-02345,Operacion registrada automaticamente
2023-11-01 08:24:45,ecastillo21,Paciente,PAGO_REGISTRADO,Factura,ID-09037,Operacion registrada automaticamente
2023-11-01 10:52:27,svargas14,Paciente,PAGO_REGISTRADO,Factura,ID-06859,Operacion registrada automaticamente
2023-11-01 11:02:13,dherrera66,Medico,RECETA_EMITIDA,Receta,ID-07627,Operacion registrada automaticamente
2023-11-01 12:42:37,admin,Administrador,BUSQUEDA,Global,ID-02055,Operacion registrada automaticamente
2023-11-01 16:32:36,admin,Administrador,BUSQUEDA,Global,ID-00707,Operacion registrada automaticamente
2023-11-02 10:19:31,admin,Administrador,BUSQUEDA,Global,ID-03054,Operacion registrada automaticamente
2023-11-02 14:45:59,efigueroa5,Paciente,HISTORIAL_CONSULTA,Historial,ID-08214,Operacion registrada automaticamente
2023-11-02 16:19:56,mortega9,Paciente,CITA_CANCELADA,Cita,ID-08680,Operacion registrada automaticamente
2023-11-03 09:29:17,lfigueroa22,Paciente,CITA_CREADA,Cita,ID-09573,Operacion registrada automaticamente
2023-11-03 10:03:15,admin,Administrador,FACTURA_EMITIDA,Factura,ID-00859,Operacion registrada automaticamente
2023-11-03 10:36:39,admin,Administrador,BUSQUEDA,Global,ID-05137,Operacion registrada automaticamente
2023-11-03 13:26:26,sbenitez39,Paciente,LOGIN_OK,Usuario,ID-04684,Operacion registrada automaticamente
2023-11-03 14:52:42,fchavez22,Paciente,LOGIN_OK,Usuario,ID-00888,Operacion registrada automaticamente
2023-11-03 16:48:52,arodriguez53,Paciente,CITA_COMPLETADA,Cita,ID-02919,Operacion registrada automaticamente
2023-11-04 12:48:05,malvarado21,Paciente,LOGIN_OK,Usuario,ID-05280,Operacion registrada automaticamente
2023-11-04 13:22:43,admin,Administrador,FACTURA_EMITIDA,Factura,ID-09259,Operacion registrada automaticamente
2023-11-06 09:41:28,dchavez54,Medico,RECETA_EMITIDA,Receta,ID-01657,Operacion registrada automaticamente
2023-11-07 11:07:14,mruiz18,Paciente,CITA_CREADA,Cita,ID-06876,Operacion registrada automaticamente
2023-11-07 16:16:28,admin,Administrador,FACTURA_EMITIDA,Factura,ID-08856,Operacion registrada automaticamente
2023-11-07 16:27:41,cmendez20,Paciente,CITA_COMPLETADA,Cita,ID-02666,Operacion registrada automaticamente
2023-11-08 09:27:41,igarcia20,Paciente,CITA_CANCELADA,Cita,ID-09520,Operacion registrada automaticamente
2023-11-08 10:29:18,dromero76,Medico,HISTORIAL_ENTRADA,Historial,ID-02769,Operacion registrada automaticamente
2023-11-08 10:47:26,mgonzalez53,Paciente,LOGIN_OK,Usuario,ID-02648,Operacion registrada automaticamente
2023-11-08 14:43:58,dflores57,Medico,RECETA_EMITIDA,Receta,ID-03415,Operacion registrada automaticamente
2023-11-09 14:22:59,cruiz46,Paciente,HISTORIAL_CONSULTA,Historial,ID-02584,Operacion registrada automaticamente
2023-11-09 15:04:48,dcruz76,Medico,RECETA_EMITIDA,Receta,ID-04604,Operacion registrada automaticamente
2023-11-10 13:09:47,mramirez26,Paciente,PAGO_REGISTRADO,Factura,ID-00630,Operacion registrada automaticamente
2023-11-11 10:57:17,ogrefa8,Paciente,HISTORIAL_CONSULTA,Historial,ID-02080,Operacion registrada automaticamente
2023-11-11 11:43:59,admin,Administrador,FACTURA_EMITIDA,Factura,ID-08900,Operacion registrada automaticamente
2023-11-11 13:27:12,mcerda15,Paciente,CITA_COMPLETADA,Cita,ID-02228,Operacion registrada automaticamente
2023-11-11 13:57:52,cbenitez59,Paciente,CITA_CREADA,Cita,ID-08414,Operacion registrada automaticamente
2023-11-11 14:28:39,vguzman15,Paciente,CITA_CREADA,Cita,ID-07129,Operacion registrada automaticamente
2023-11-12 08:41:07,dperez55,Paciente,CITA_CREADA,Cita,ID-08826,Operacion registrada automaticamente
2023-11-12 08:55:42,dtapuy74,Medico,HISTORIAL_ENTRADA,Historial,ID-09801,Operacion registrada automaticamente
2023-11-12 10:28:33,mreyes47,Paciente,CITA_CREADA,Cita,ID-06953,Operacion registrada automaticamente
2023-11-12 14:55:06,druiz63,Medico,HISTORIAL_ENTRADA,Historial,ID-08294,Operacion registrada automaticamente
2023-11-12 15:18:53,dgrefa64,Medico,RECETA_EMITIDA,Receta,ID-01663,Operacion registrada automaticamente
2023-11-13 08:45:26,admin,Administrador,BUSQUEDA,Global,ID-09094,Operacion registrada automaticamente
2023-11-13 15:08:57,bcruz1,Paciente,CITA_CANCELADA,Cita,ID-04193,Operacion registrada automaticamente
2023-11-15 08:19:00,cchavez28,Paciente,CITA_CREADA,Cita,ID-06411,Operacion registrada automaticamente
2023-11-15 09:03:18,dchavez54,Medico,HISTORIAL_ENTRADA,Historial,ID-00315,Operacion registrada automaticamente
2023-11-16 11:28:06,dcerda14,Paciente,CITA_COMPLETADA,Cita,ID-03996,Operacion registrada automaticamente
2023-11-16 11:29:13,lromero40,Paciente,CITA_COMPLETADA,Cita,ID-07151,Operacion registrada automaticamente
2023-11-16 12:07:21,malvarado21,Paciente,CITA_CREADA,Cita,ID-07290,Operacion registrada automaticamente
2023-11-16 15:27:50,sbenitez4,Paciente,CITA_CREADA,Cita,ID-09539,Operacion registrada automaticamente
2023-11-17 08:48:51,admin,Administrador,BUSQUEDA,Global,ID-05286,Operacion registrada automaticamente
2023-11-17 12:42:40,pcruz29,Paciente,HISTORIAL_CONSULTA,Historial,ID-06459,Operacion registrada automaticamente
2023-11-17 14:15:23,admin,Administrador,FACTURA_EMITIDA,Factura,ID-07765,Operacion registrada automaticamente
2023-11-18 09:41:55,admin,Administrador,FACTURA_EMITIDA,Factura,ID-09405,Operacion registrada automaticamente
2023-11-18 10:44:46,bfigueroa6,Paciente,PAGO_REGISTRADO,Factura,ID-00578,Operacion registrada automaticamente
2023-11-18 12:39:17,eherrera16,Paciente,LOGIN_OK,Usuario,ID-07568,Operacion registrada automaticamente
2023-11-18 17:37:39,dgarcia71,Medico,RECETA_EMITIDA,Receta,ID-09018,Operacion registrada automaticamente
2023-11-19 13:52:51,dmendez66,Medico,RECETA_EMITIDA,Receta,ID-01354,Operacion registrada automaticamente
2023-11-20 14:56:06,dlopez75,Medico,HISTORIAL_ENTRADA,Historial,ID-00076,Operacion registrada automaticamente
2023-11-20 15:32:38,jramos10,Paciente,CITA_COMPLETADA,Cita,ID-06057,Operacion registrada automaticamente
2023-11-20 16:13:10,daguilar65,Medico,RECETA_EMITIDA,Receta,ID-07182,Operacion registrada automaticamente
2023-11-20 17:33:07,srivera14,Paciente,CITA_CANCELADA,Cita,ID-06030,Operacion registrada automaticamente
2023-11-21 12:16:09,dfigueroa78,Medico,RECETA_EMITIDA,Receta,ID-04926,Operacion registrada automaticamente
2023-11-21 12:31:43,hvega5,Paciente,LOGIN_OK,Usuario,ID-06799,Operacion registrada automaticamente
2023-11-21 12:42:22,dramirez79,Medico,RECETA_EMITIDA,Receta,ID-08967,Operacion registrada automaticamente
2023-11-21 12:47:08,dshiguango9,Paciente,LOGIN_OK,Usuario,ID-03570,Operacion registrada automaticamente
2023-11-22 14:01:34,drivera21,Paciente,PAGO_REGISTRADO,Factura,ID-08723,Operacion registrada automaticamente
2023-11-22 15:53:31,tespinoza2,Paciente,CITA_CANCELADA,Cita,ID-00848,Operacion registrada automaticamente
2023-11-23 08:45:46,dtapuy74,Medico,HISTORIAL_ENTRADA,Historial,ID-02919,Operacion registrada automaticamente
2023-11-25 10:57:58,rchavez14,Paciente,LOGIN_OK,Usuario,ID-06018,Operacion registrada automaticamente
2023-11-25 14:41:22,ccastillo12,Paciente,HISTORIAL_CONSULTA,Historial,ID-07077,Operacion registrada automaticamente
2023-11-26 08:21:57,ljimenez22,Paciente,CITA_COMPLETADA,Cita,ID-08397,Operacion registrada automaticamente
2023-11-26 08:36:44,ngrefa5,Paciente,LOGIN_OK,Usuario,ID-05934,Operacion registrada automaticamente
2023-11-26 09:55:47,mreyes47,Paciente,CITA_CREADA,Cita,ID-01808,Operacion registrada automaticamente
2023-11-27 10:57:53,dperez69,Medico,HISTORIAL_ENTRADA,Historial,ID-05293,Operacion registrada automaticamente
2023-11-27 13:50:45,mespinoza67,Paciente,CITA_CREADA,Cita,ID-09937,Operacion registrada automaticamente
2023-11-27 17:06:30,rreyes27,Paciente,CITA_CREADA,Cita,ID-07453,Operacion registrada automaticamente
2023-11-28 10:37:07,dromero75,Medico,RECETA_EMITIDA,Receta,ID-02046,Operacion registrada automaticamente
2023-11-28 14:20:37,admin,Administrador,BUSQUEDA,Global,ID-04666,Operacion registrada automaticamente
2023-11-29 14:48:46,portega29,Paciente,HISTORIAL_CONSULTA,Historial,ID-02472,Operacion registrada automaticamente
2023-12-01 10:11:50,daguilar65,Medico,RECETA_EMITIDA,Receta,ID-01285,Operacion registrada automaticamente
2023-12-01 11:57:42,lcruz27,Paciente,HISTORIAL_CONSULTA,Historial,ID-03220,Operacion registrada automaticamente
2023-12-02 08:21:38,admin,Administrador,FACTURA_EMITIDA,Factura,ID-01963,Operacion registrada automaticamente
2023-12-02 08:21:59,admin,Administrador,FACTURA_EMITIDA,Factura,ID-06969,Operacion registrada automaticamente
2023-12-02 11:47:43,dsanchez56,Medico,RECETA_EMITIDA,Receta,ID-03232,Operacion registrada automaticamente
2023-12-03 14:27:50,arivera19,Paciente,CITA_CANCELADA,Cita,ID-08128,Operacion registrada automaticamente
2023-12-03 17:18:34,druiz61,Medico,HISTORIAL_ENTRADA,Historial,ID-07594,Operacion registrada automaticamente
2023-12-04 11:16:54,admin,Administrador,BUSQUEDA,Global,ID-05832,Operacion registrada automaticamente
2023-12-04 13:59:39,dvargas58,Medico,HISTORIAL_ENTRADA,Historial,ID-02111,Operacion registrada automaticamente
2023-12-04 14:36:15,jramos10,Paciente,CITA_CANCELADA,Cita,ID-00460,Operacion registrada automaticamente
2023-12-05 09:34:36,fmendez37,Paciente,CITA_CREADA,Cita,ID-09614,Operacion registrada automaticamente
2023-12-05 10:49:55,admin,Administrador,FACTURA_EMITIDA,Factura,ID-08500,Operacion registrada automaticamente
2023-12-05 12:51:37,dherrera51,Paciente,CITA_CANCELADA,Cita,ID-08063,Operacion registrada automaticamente
2023-12-05 14:54:21,admin,Administrador,FACTURA_EMITIDA,Factura,ID-08470,Operacion registrada automaticamente
2023-12-06 08:01:47,iruiz14,Paciente,LOGIN_OK,Usuario,ID-01237,Operacion registrada automaticamente
2023-12-06 11:05:05,dherrera73,Medico,RECETA_EMITIDA,Receta,ID-05675,Operacion registrada automaticamente
2023-12-06 11:45:54,dtapuy71,Medico,HISTORIAL_ENTRADA,Historial,ID-08462,Operacion registrada automaticamente
2023-12-06 11:53:02,pmedina26,Paciente,HISTORIAL_CONSULTA,Historial,ID-01757,Operacion registrada automaticamente
2023-12-06 14:28:23,mcerda15,Paciente,PAGO_REGISTRADO,Factura,ID-07933,Operacion registrada automaticamente
2023-12-07 08:15:11,dgrefa64,Medico,HISTORIAL_ENTRADA,Historial,ID-04633,Operacion registrada automaticamente
2023-12-07 13:32:14,dperez75,Medico,RECETA_EMITIDA,Receta,ID-02612,Operacion registrada automaticamente
2023-12-07 14:05:54,dramirez79,Medico,HISTORIAL_ENTRADA,Historial,ID-06031,Operacion registrada automaticamente
2023-12-07 17:26:39,fchavez22,Paciente,PAGO_REGISTRADO,Factura,ID-06689,Operacion registrada automaticamente
2023-12-08 09:50:21,dfigueroa78,Medico,HISTORIAL_ENTRADA,Historial,ID-08713,Operacion registrada automaticamente
2023-12-08 11:11:44,admin,Administrador,FACTURA_EMITIDA,Factura,ID-00713,Operacion registrada automaticamente
2023-12-08 13:59:45,dgonzalez56,Paciente,PAGO_REGISTRADO,Factura,ID-01486,Operacion registrada automaticamente
2023-12-08 14:43:16,valvarado4,Paciente,CITA_CANCELADA,Cita,ID-03680,Operacion registrada automaticamente
2023-12-08 15:16:07,dramirez77,Medico,RECETA_EMITIDA,Receta,ID-02898,Operacion registrada automaticamente
2023-12-08 16:58:10,despinoza7,Paciente,CITA_CANCELADA,Cita,ID-07026,Operacion registrada automaticamente
2023-12-08 17:30:03,dflores55,Medico,HISTORIAL_ENTRADA,Historial,ID-08926,Operacion registrada automaticamente
2023-12-09 08:38:32,dcerda14,Paciente,PAGO_REGISTRADO,Factura,ID-01773,Operacion registrada automaticamente
2023-12-09 13:33:42,sbenitez4,Paciente,PAGO_REGISTRADO,Factura,ID-02475,Operacion registrada automaticamente
2023-12-09 14:35:21,dguzman71,Medico,HISTORIAL_ENTRADA,Historial,ID-03770,Operacion registrada automaticamente
2023-12-09 15:22:02,ccastillo12,Paciente,LOGIN_OK,Usuario,ID-03292,Operacion registrada automaticamente
2023-12-10 13:03:47,caguilar61,Paciente,LOGIN_OK,Usuario,ID-06450,Operacion registrada automaticamente
2023-12-10 16:03:27,dherrera51,Paciente,PAGO_REGISTRADO,Factura,ID-01036,Operacion registrada automaticamente
2023-12-11 08:49:29,dalvarado78,Medico,HISTORIAL_ENTRADA,Historial,ID-08636,Operacion registrada automaticamente
2023-12-11 17:12:10,dvega73,Medico,HISTORIAL_ENTRADA,Historial,ID-08935,Operacion registrada automaticamente
2023-12-12 08:32:41,acastro33,Paciente,CITA_CANCELADA,Cita,ID-03526,Operacion registrada automaticamente
2023-12-12 10:34:53,aguzman43,Paciente,CITA_CANCELADA,Cita,ID-07546,Operacion registrada automaticamente
2023-12-12 12:15:07,sgarcia52,Paciente,HISTORIAL_CONSULTA,Historial,ID-00919,Operacion registrada automaticamente
2023-12-13 09:47:31,saguilar42,Paciente,CITA_COMPLETADA,Cita,ID-03565,Operacion registrada automaticamente
2023-12-13 15:39:22,admin,Administrador,BUSQUEDA,Global,ID-00802,Operacion registrada automaticamente
2023-12-15 12:34:45,vflores13,Paciente,CITA_CANCELADA,Cita,ID-07280,Operacion registrada automaticamente
2023-12-16 13:20:43,dfigueroa79,Medico,RECETA_EMITIDA,Receta,ID-00408,Operacion registrada automaticamente
2023-12-16 15:15:23,fcaceres25,Paciente,LOGIN_OK,Usuario,ID-00624,Operacion registrada automaticamente
2023-12-16 16:19:59,dperez75,Medico,RECETA_EMITIDA,Receta,ID-06071,Operacion registrada automaticamente
2023-12-16 17:29:58,ochavez12,Paciente,CITA_CANCELADA,Cita,ID-04876,Operacion registrada automaticamente
2023-12-16 17:45:38,admin,Administrador,FACTURA_EMITIDA,Factura,ID-08786,Operacion registrada automaticamente
2023-12-17 08:35:54,hvega5,Paciente,CITA_COMPLETADA,Cita,ID-02957,Operacion registrada automaticamente
2023-12-17 09:51:57,pgomez57,Paciente,PAGO_REGISTRADO,Factura,ID-04225,Operacion registrada automaticamente
2023-12-18 09:35:30,eguzman2,Paciente,HISTORIAL_CONSULTA,Historial,ID-09077,Operacion registrada automaticamente
2023-12-18 09:42:01,lmendez23,Paciente,CITA_COMPLETADA,Cita,ID-06614,Operacion registrada automaticamente
2023-12-18 10:25:20,dperez69,Medico,RECETA_EMITIDA,Receta,ID-06279,Operacion registrada automaticamente
2023-12-18 12:56:36,admin,Administrador,BUSQUEDA,Global,ID-03968,Operacion registrada automaticamente
2023-12-18 14:02:58,aruiz29,Paciente,LOGIN_OK,Usuario,ID-06384,Operacion registrada automaticamente
2023-12-18 14:08:51,sgarcia4,Paciente,PAGO_REGISTRADO,Factura,ID-05870,Operacion registrada automaticamente
2023-12-18 15:50:48,dgrefa78,Medico,HISTORIAL_ENTRADA,Historial,ID-02155,Operacion registrada automaticamente
2023-12-19 09:48:59,admin,Administrador,BUSQUEDA,Global,ID-08597,Operacion registrada automaticamente
2023-12-19 12:41:15,rjimenez63,Paciente,CITA_CREADA,Cita,ID-03555,Operacion registrada automaticamente
2023-12-19 13:48:28,ochavez12,Paciente,CITA_COMPLETADA,Cita,ID-00305,Operacion registrada automaticamente
2023-12-19 14:41:31,fcruz20,Paciente,CITA_CREADA,Cita,ID-06882,Operacion registrada automaticamente
2023-12-20 13:42:36,dherrera73,Medico,RECETA_EMITIDA,Receta,ID-09601,Operacion registrada automaticamente
2023-12-20 15:04:08,druiz71,Medico,HISTORIAL_ENTRADA,Historial,ID-07198,Operacion registrada automaticamente
2023-12-21 10:58:01,gguzman9,Paciente,LOGIN_OK,Usuario,ID-03186,Operacion registrada automaticamente
2023-12-21 16:28:23,admin,Administrador,FACTURA_EMITIDA,Factura,ID-00390,Operacion registrada automaticamente
2023-12-22 08:40:16,dperez38,Paciente,CITA_CREADA,Cita,ID-05396,Operacion registrada automaticamente
2023-12-22 09:42:27,druiz61,Medico,RECETA_EMITIDA,Receta,ID-04330,Operacion registrada automaticamente
2023-12-22 13:25:10,dramirez76,Medico,HISTORIAL_ENTRADA,Historial,ID-04640,Operacion registrada automaticamente
2023-12-22 16:24:03,admin,Administrador,BUSQUEDA,Global,ID-00672,Operacion registrada automaticamente
2023-12-23 10:22:29,aperez3,Paciente,HISTORIAL_CONSULTA,Historial,ID-08462,Operacion registrada automaticamente
2023-12-23 10:45:03,dsanchez56,Medico,HISTORIAL_ENTRADA,Historial,ID-08328,Operacion registrada automaticamente
2023-12-23 14:52:19,fgrefa18,Paciente,PAGO_REGISTRADO,Factura,ID-03498,Operacion registrada automaticamente
2023-12-23 15:11:49,admin,Administrador,FACTURA_EMITIDA,Factura,ID-05302,Operacion registrada automaticamente
2023-12-24 14:24:57,tespinoza2,Paciente,PAGO_REGISTRADO,Factura,ID-05270,Operacion registrada automaticamente
2023-12-25 10:30:08,pjimenez11,Paciente,CITA_CANCELADA,Cita,ID-00737,Operacion registrada automaticamente
2023-12-25 11:14:38,admin,Administrador,FACTURA_EMITIDA,Factura,ID-02026,Operacion registrada automaticamente
2023-12-25 14:12:48,dflores55,Medico,RECETA_EMITIDA,Receta,ID-04412,Operacion registrada automaticamente
2023-12-25 16:59:25,evega12,Paciente,CITA_CREADA,Cita,ID-06201,Operacion registrada automaticamente
2023-12-26 11:00:44,dromero76,Medico,RECETA_EMITIDA,Receta,ID-06418,Operacion registrada automaticamente
2023-12-26 15:44:23,admin,Administrador,BUSQUEDA,Global,ID-04049,Operacion registrada automaticamente
2023-12-26 16:18:33,admin,Administrador,FACTURA_EMITIDA,Factura,ID-03281,Operacion registrada automaticamente
2023-12-27 17:56:58,malvarado21,Paciente,CITA_CREADA,Cita,ID-02378,Operacion registrada automaticamente
2023-12-28 10:52:40,dperez74,Medico,HISTORIAL_ENTRADA,Historial,ID-07830,Operacion registrada automaticamente
2023-12-28 17:15:05,admin,Administrador,FACTURA_EMITIDA,Factura,ID-00205,Operacion registrada automaticamente
2023-12-28 17:36:30,admin,Administrador,BUSQUEDA,Global,ID-09737,Operacion registrada automaticamente
2023-12-29 15:04:18,dromero75,Medico,RECETA_EMITIDA,Receta,ID-07444,Operacion registrada automaticamente
2023-12-29 15:52:00,svargas14,Paciente,CITA_CANCELADA,Cita,ID-09847,Operacion registrada automaticamente
2023-12-30 09:59:06,vcaceres2,Paciente,LOGIN_OK,Usuario,ID-07947,Operacion registrada automaticamente
2023-12-30 10:00:00,mramos43,Paciente,PAGO_REGISTRADO,Factura,ID-05715,Operacion registrada automaticamente
2023-12-30 11:16:03,admin,Administrador,BUSQUEDA,Global,ID-08287,Operacion registrada automaticamente
2023-12-30 15:03:44,mcerda62,Paciente,CITA_CREADA,Cita,ID-00263,Operacion registrada automaticamente
2023-12-31 12:44:40,vcastillo1,Paciente,CITA_COMPLETADA,Cita,ID-07818,Operacion registrada automaticamente
2024-01-01 09:39:14,rperez32,Paciente,CITA_CANCELADA,Cita,ID-05383,Operacion registrada automaticamente
2024-01-01 12:19:07,arodriguez53,Paciente,CITA_COMPLETADA,Cita,ID-02059,Operacion registrada automaticamente
2024-01-03 12:08:14,vguzman15,Paciente,CITA_CREADA,Cita,ID-08477,Operacion registrada automaticamente
2024-01-03 13:58:55,daguilar64,Medico,HISTORIAL_ENTRADA,Historial,ID-04910,Operacion registrada automaticamente
2024-01-03 15:04:51,dherrera73,Medico,HISTORIAL_ENTRADA,Historial,ID-03493,Operacion registrada automaticamente
2024-01-04 11:00:14,hcaceres10,Paciente,HISTORIAL_CONSULTA,Historial,ID-06273,Operacion registrada automaticamente
2024-01-04 17:51:13,mcerda91,Paciente,CITA_CREADA,Cita,ID-03335,Operacion registrada automaticamente
2024-01-05 09:59:25,alopez31,Paciente,PAGO_REGISTRADO,Factura,ID-01866,Operacion registrada automaticamente
2024-01-05 10:16:41,dgrefa78,Medico,HISTORIAL_ENTRADA,Historial,ID-09107,Operacion registrada automaticamente
2024-01-05 12:36:46,fcruz20,Paciente,LOGIN_OK,Usuario,ID-03554,Operacion registrada automaticamente
2024-01-05 15:04:59,calvarado17,Paciente,LOGIN_OK,Usuario,ID-09794,Operacion registrada automaticamente
2024-01-05 16:06:41,lramos4,Paciente,PAGO_REGISTRADO,Factura,ID-07344,Operacion registrada automaticamente
2024-01-06 10:05:23,malvarado21,Paciente,HISTORIAL_CONSULTA,Historial,ID-02868,Operacion registrada automaticamente
2024-01-06 11:01:05,admin,Administrador,FACTURA_EMITIDA,Factura,ID-09415,Operacion registrada automaticamente
2024-01-06 15:19:07,agarcia28,Paciente,CITA_CANCELADA,Cita,ID-07658,Operacion registrada automaticamente
2024-01-07 12:46:47,caguilar20,Paciente,CITA_CREADA,Cita,ID-02182,Operacion registrada automaticamente
2024-01-07 14:52:50,dgomez73,Medico,HISTORIAL_ENTRADA,Historial,ID-07848,Operacion registrada automaticamente
2024-01-07 17:38:53,amartinez25,Paciente,HISTORIAL_CONSULTA,Historial,ID-00626,Operacion registrada automaticamente
2024-01-08 08:17:05,eguzman2,Paciente,LOGIN_OK,Usuario,ID-01245,Operacion registrada automaticamente
2024-01-08 11:23:11,frodriguez13,Paciente,CITA_CANCELADA,Cita,ID-06509,Operacion registrada automaticamente
2024-01-08 12:41:49,cmendez20,Paciente,HISTORIAL_CONSULTA,Historial,ID-04877,Operacion registrada automaticamente
2024-01-08 12:48:01,admin,Administrador,BUSQUEDA,Global,ID-08010,Operacion registrada automaticamente
2024-01-09 14:32:17,admin,Administrador,FACTURA_EMITIDA,Factura,ID-04851,Operacion registrada automaticamente
2024-01-09 14:50:13,maguilar12,Paciente,PAGO_REGISTRADO,Factura,ID-05590,Operacion registrada automaticamente
2024-01-09 17:15:12,achavez21,Paciente,CITA_CREADA,Cita,ID-09331,Operacion registrada automaticamente
2024-01-10 10:39:58,djimenez10,Paciente,LOGIN_OK,Usuario,ID-03957,Operacion registrada automaticamente
2024-01-10 17:04:13,sgarcia52,Paciente,HISTORIAL_CONSULTA,Historial,ID-08585,Operacion registrada automaticamente
2024-01-11 13:21:02,dlopez75,Medico,HISTORIAL_ENTRADA,Historial,ID-03947,Operacion registrada automaticamente
2024-01-11 13:59:04,icastillo3,Paciente,CITA_CANCELADA,Cita,ID-09748,Operacion registrada automaticamente
2024-01-11 15:41:00,dromero75,Medico,RECETA_EMITIDA,Receta,ID-02759,Operacion registrada automaticamente
2024-01-12 15:50:56,admin,Administrador,BUSQUEDA,Global,ID-00760,Operacion registrada automaticamente
2024-01-13 09:15:52,admin,Administrador,BUSQUEDA,Global,ID-00917,Operacion registrada automaticamente
2024-01-13 13:16:39,efigueroa5,Paciente,HISTORIAL_CONSULTA,Historial,ID-05831,Operacion registrada automaticamente
2024-01-13 16:27:10,lmendez23,Paciente,PAGO_REGISTRADO,Factura,ID-02472,Operacion registrada automaticamente
2024-01-14 08:21:38,vguzman15,Paciente,HISTORIAL_CONSULTA,Historial,ID-09798,Operacion registrada automaticamente
2024-01-14 11:03:02,dramirez77,Medico,RECETA_EMITIDA,Receta,ID-00186,Operacion registrada automaticamente
2024-01-14 12:25:58,vgonzalez27,Paciente,LOGIN_OK,Usuario,ID-02629,Operacion registrada automaticamente
2024-01-14 12:30:49,dherrera77,Medico,HISTORIAL_ENTRADA,Historial,ID-00226,Operacion registrada automaticamente
2024-01-14 13:49:28,dperez74,Medico,HISTORIAL_ENTRADA,Historial,ID-02712,Operacion registrada automaticamente
2024-01-15 08:02:49,admin,Administrador,BUSQUEDA,Global,ID-02018,Operacion registrada automaticamente
2024-01-15 09:20:05,storres26,Paciente,HISTORIAL_CONSULTA,Historial,ID-07101,Operacion registrada automaticamente
2024-01-15 14:30:18,mruiz,Paciente,HISTORIAL_CONSULTA,Historial,ID-07247,Operacion registrada automaticamente
2024-01-15 15:32:40,admin,Administrador,BUSQUEDA,Global,ID-01826,Operacion registrada automaticamente
2024-01-16 14:49:58,dchavez62,Medico,HISTORIAL_ENTRADA,Historial,ID-08864,Operacion registrada automaticamente
2024-01-16 16:09:57,iperez7,Paciente,LOGIN_OK,Usuario,ID-02596,Operacion registrada automaticamente
2024-01-18 09:10:15,admin,Administrador,BUSQUEDA,Global,ID-02673,Operacion registrada automaticamente
2024-01-18 11:23:17,dperez38,Paciente,PAGO_REGISTRADO,Factura,ID-05008,Operacion registrada automaticamente
2024-01-18 15:02:11,promero13,Paciente,CITA_CANCELADA,Cita,ID-02945,Operacion registrada automaticamente
2024-01-19 11:38:01,admin,Administrador,FACTURA_EMITIDA,Factura,ID-03188,Operacion registrada automaticamente
2024-01-19 11:41:50,storres26,Paciente,HISTORIAL_CONSULTA,Historial,ID-08799,Operacion registrada automaticamente
2024-01-19 15:16:25,vcastro19,Paciente,LOGIN_OK,Usuario,ID-03948,Operacion registrada automaticamente
2024-01-19 15:47:18,ddiaz64,Medico,HISTORIAL_ENTRADA,Historial,ID-09656,Operacion registrada automaticamente
2024-01-19 15:50:48,fcastro23,Paciente,LOGIN_OK,Usuario,ID-01890,Operacion registrada automaticamente
2024-01-21 09:18:21,rrodriguez50,Paciente,PAGO_REGISTRADO,Factura,ID-07090,Operacion registrada automaticamente
2024-01-21 11:05:39,bfigueroa6,Paciente,CITA_CANCELADA,Cita,ID-04830,Operacion registrada automaticamente
2024-01-21 11:51:14,admin,Administrador,FACTURA_EMITIDA,Factura,ID-07744,Operacion registrada automaticamente
2024-01-21 12:40:52,admin,Administrador,BUSQUEDA,Global,ID-01072,Operacion registrada automaticamente
2024-01-22 08:31:04,druiz63,Medico,RECETA_EMITIDA,Receta,ID-09935,Operacion registrada automaticamente
2024-01-23 12:24:51,sgarcia52,Paciente,CITA_CREADA,Cita,ID-04419,Operacion registrada automaticamente
2024-01-23 14:16:41,djimenez10,Paciente,CITA_CREADA,Cita,ID-02910,Operacion registrada automaticamente
2024-01-23 15:59:51,mtorres75,Paciente,CITA_CREADA,Cita,ID-08846,Operacion registrada automaticamente
2024-01-23 16:29:52,admin,Administrador,BUSQUEDA,Global,ID-02756,Operacion registrada automaticamente
2024-01-24 09:37:16,admin,Administrador,FACTURA_EMITIDA,Factura,ID-07445,Operacion registrada automaticamente
2024-01-24 10:19:03,achavez21,Paciente,PAGO_REGISTRADO,Factura,ID-09189,Operacion registrada automaticamente
2024-01-24 12:29:25,ctorres71,Paciente,CITA_CANCELADA,Cita,ID-07550,Operacion registrada automaticamente
2024-01-25 11:03:56,dguzman71,Medico,HISTORIAL_ENTRADA,Historial,ID-03218,Operacion registrada automaticamente
2024-01-25 12:28:57,mortega9,Paciente,CITA_CREADA,Cita,ID-04525,Operacion registrada automaticamente
2024-01-25 16:02:48,ljimenez22,Paciente,CITA_CREADA,Cita,ID-07135,Operacion registrada automaticamente
2024-01-26 10:07:06,dcerda76,Medico,HISTORIAL_ENTRADA,Historial,ID-08860,Operacion registrada automaticamente
2024-01-26 14:04:01,admin,Administrador,FACTURA_EMITIDA,Factura,ID-09773,Operacion registrada automaticamente
2024-01-26 16:24:37,dgarcia71,Medico,HISTORIAL_ENTRADA,Historial,ID-00432,Operacion registrada automaticamente
2024-01-26 16:33:00,amendez4,Paciente,HISTORIAL_CONSULTA,Historial,ID-04586,Operacion registrada automaticamente
2024-01-27 11:24:20,mtorres75,Paciente,CITA_CANCELADA,Cita,ID-01957,Operacion registrada automaticamente
2024-01-27 14:55:35,admin,Administrador,FACTURA_EMITIDA,Factura,ID-06433,Operacion registrada automaticamente
2024-01-27 15:19:33,vfigueroa39,Paciente,CITA_CANCELADA,Cita,ID-04575,Operacion registrada automaticamente
2024-01-27 15:33:39,cbenitez59,Paciente,CITA_COMPLETADA,Cita,ID-01271,Operacion registrada automaticamente
2024-01-28 08:26:13,sbenitez39,Paciente,HISTORIAL_CONSULTA,Historial,ID-08541,Operacion registrada automaticamente
2024-01-28 11:03:05,pfigueroa29,Paciente,CITA_COMPLETADA,Cita,ID-03130,Operacion registrada automaticamente
2024-01-28 11:44:18,svargas14,Paciente,CITA_CREADA,Cita,ID-08912,Operacion registrada automaticamente
2024-01-28 13:16:11,sespinoza15,Paciente,HISTORIAL_CONSULTA,Historial,ID-05033,Operacion registrada automaticamente
2024-01-29 11:40:46,sbenitez39,Paciente,CITA_CREADA,Cita,ID-06497,Operacion registrada automaticamente
2024-01-29 15:18:34,cchavez28,Paciente,CITA_CREADA,Cita,ID-09969,Operacion registrada automaticamente
2024-01-30 09:57:07,cflores49,Paciente,LOGIN_OK,Usuario,ID-04935,Operacion registrada automaticamente
2024-01-30 10:50:22,admin,Administrador,FACTURA_EMITIDA,Factura,ID-03771,Operacion registrada automaticamente
2024-01-30 10:58:23,admin,Administrador,FACTURA_EMITIDA,Factura,ID-02052,Operacion registrada automaticamente
2024-01-30 15:10:32,sbenitez39,Paciente,LOGIN_OK,Usuario,ID-04206,Operacion registrada automaticamente
2024-01-31 08:08:48,rherrera4,Paciente,CITA_COMPLETADA,Cita,ID-04756,Operacion registrada automaticamente
2024-01-31 08:20:06,ccastro52,Paciente,CITA_CREADA,Cita,ID-06544,Operacion registrada automaticamente
2024-01-31 12:33:14,rguzman42,Paciente,CITA_CREADA,Cita,ID-04579,Operacion registrada automaticamente
2024-01-31 17:14:53,mcastillo22,Paciente,LOGIN_OK,Usuario,ID-03626,Operacion registrada automaticamente
2024-01-31 17:32:34,druiz67,Medico,RECETA_EMITIDA,Receta,ID-09017,Operacion registrada automaticamente
2024-02-01 11:52:57,calvarado17,Paciente,CITA_COMPLETADA,Cita,ID-07424,Operacion registrada automaticamente
2024-02-01 12:25:19,dramos64,Medico,HISTORIAL_ENTRADA,Historial,ID-06396,Operacion registrada automaticamente
2024-02-01 15:30:25,admin,Administrador,BUSQUEDA,Global,ID-05119,Operacion registrada automaticamente
2024-02-01 16:08:50,dramirez79,Medico,HISTORIAL_ENTRADA,Historial,ID-02124,Operacion registrada automaticamente
2024-02-01 17:58:51,maguilar12,Paciente,CITA_CREADA,Cita,ID-05813,Operacion registrada automaticamente
2024-02-02 10:32:36,mramos43,Paciente,CITA_COMPLETADA,Cita,ID-00927,Operacion registrada automaticamente
2024-02-02 14:26:20,lcruz27,Paciente,CITA_COMPLETADA,Cita,ID-04052,Operacion registrada automaticamente
2024-02-02 16:01:00,mramirez26,Paciente,HISTORIAL_CONSULTA,Historial,ID-07071,Operacion registrada automaticamente
2024-02-03 09:49:46,dfigueroa79,Medico,HISTORIAL_ENTRADA,Historial,ID-01184,Operacion registrada automaticamente
2024-02-03 11:40:10,mtorres75,Paciente,CITA_CANCELADA,Cita,ID-04890,Operacion registrada automaticamente
2024-02-03 14:44:31,sgarcia4,Paciente,CITA_CREADA,Cita,ID-04868,Operacion registrada automaticamente
2024-02-03 15:59:53,icastillo3,Paciente,CITA_COMPLETADA,Cita,ID-00546,Operacion registrada automaticamente
2024-02-03 17:58:47,dortega43,Paciente,CITA_COMPLETADA,Cita,ID-05165,Operacion registrada automaticamente
2024-02-04 09:59:34,vcastillo1,Paciente,HISTORIAL_CONSULTA,Historial,ID-05755,Operacion registrada automaticamente
2024-02-04 10:15:25,amendez4,Paciente,LOGIN_OK,Usuario,ID-03946,Operacion registrada automaticamente
2024-02-04 14:42:54,admin,Administrador,BUSQUEDA,Global,ID-04352,Operacion registrada automaticamente
2024-02-05 09:34:24,dherrera73,Medico,RECETA_EMITIDA,Receta,ID-05243,Operacion registrada automaticamente
2024-02-05 10:17:28,dramirez79,Medico,HISTORIAL_ENTRADA,Historial,ID-06775,Operacion registrada automaticamente
2024-02-05 13:19:51,rreyes27,Paciente,CITA_CANCELADA,Cita,ID-02582,Operacion registrada automaticamente
2024-02-05 13:54:13,mespinoza51,Paciente,HISTORIAL_CONSULTA,Historial,ID-06258,Operacion registrada automaticamente
2024-02-05 14:52:28,dperez55,Paciente,HISTORIAL_CONSULTA,Historial,ID-07834,Operacion registrada automaticamente
2024-02-07 12:12:32,srodriguez37,Paciente,HISTORIAL_CONSULTA,Historial,ID-05789,Operacion registrada automaticamente
2024-02-07 17:28:37,daguilar64,Medico,RECETA_EMITIDA,Receta,ID-07006,Operacion registrada automaticamente
2024-02-08 13:00:32,admin,Administrador,FACTURA_EMITIDA,Factura,ID-00447,Operacion registrada automaticamente
2024-02-08 14:54:33,dmartinez60,Medico,HISTORIAL_ENTRADA,Historial,ID-03167,Operacion registrada automaticamente
2024-02-09 08:04:20,bmendez4,Paciente,LOGIN_OK,Usuario,ID-03298,Operacion registrada automaticamente
2024-02-09 08:59:39,hvega5,Paciente,CITA_COMPLETADA,Cita,ID-01123,Operacion registrada automaticamente
2024-02-09 10:52:04,arivera19,Paciente,HISTORIAL_CONSULTA,Historial,ID-06269,Operacion registrada automaticamente
2024-02-10 16:57:16,vcaceres2,Paciente,PAGO_REGISTRADO,Factura,ID-07772,Operacion registrada automaticamente
2024-02-10 17:44:21,dramirez77,Medico,HISTORIAL_ENTRADA,Historial,ID-04177,Operacion registrada automaticamente
2024-02-12 09:51:53,admin,Administrador,FACTURA_EMITIDA,Factura,ID-00324,Operacion registrada automaticamente
2024-02-12 16:43:45,admin,Administrador,BUSQUEDA,Global,ID-08988,Operacion registrada automaticamente
2024-02-13 08:30:23,sbenitez39,Paciente,CITA_COMPLETADA,Cita,ID-05820,Operacion registrada automaticamente
2024-02-13 09:39:14,cflores49,Paciente,CITA_CREADA,Cita,ID-06795,Operacion registrada automaticamente
2024-02-13 11:41:06,ivargas7,Paciente,LOGIN_OK,Usuario,ID-01894,Operacion registrada automaticamente
2024-02-13 15:13:30,admin,Administrador,FACTURA_EMITIDA,Factura,ID-05090,Operacion registrada automaticamente
2024-02-14 08:53:25,srodriguez37,Paciente,CITA_CANCELADA,Cita,ID-06307,Operacion registrada automaticamente
2024-02-14 10:02:14,fgomez3,Paciente,PAGO_REGISTRADO,Factura,ID-03300,Operacion registrada automaticamente
2024-02-14 16:39:53,acastro33,Paciente,CITA_COMPLETADA,Cita,ID-02006,Operacion registrada automaticamente
2024-02-15 10:36:58,mramos43,Paciente,HISTORIAL_CONSULTA,Historial,ID-07659,Operacion registrada automaticamente
2024-02-15 13:04:18,evega12,Paciente,PAGO_REGISTRADO,Factura,ID-02754,Operacion registrada automaticamente
2024-02-15 17:53:03,admin,Administrador,FACTURA_EMITIDA,Factura,ID-06018,Operacion registrada automaticamente
2024-02-16 09:23:00,admin,Administrador,BUSQUEDA,Global,ID-02270,Operacion registrada automaticamente
2024-02-16 10:42:21,lgonzalez33,Paciente,CITA_CANCELADA,Cita,ID-04904,Operacion registrada automaticamente
2024-02-16 11:21:44,agrefa27,Paciente,LOGIN_OK,Usuario,ID-06278,Operacion registrada automaticamente
2024-02-16 11:49:33,sjimenez2,Paciente,PAGO_REGISTRADO,Factura,ID-05920,Operacion registrada automaticamente
2024-02-16 15:24:00,dherrera73,Medico,RECETA_EMITIDA,Receta,ID-01483,Operacion registrada automaticamente
2024-02-16 16:55:42,vruiz33,Paciente,CITA_CREADA,Cita,ID-04383,Operacion registrada automaticamente
2024-02-17 15:55:59,dfigueroa79,Medico,RECETA_EMITIDA,Receta,ID-08108,Operacion registrada automaticamente
2024-02-17 15:56:18,dguzman71,Medico,RECETA_EMITIDA,Receta,ID-08785,Operacion registrada automaticamente
2024-02-17 16:39:43,admin,Administrador,FACTURA_EMITIDA,Factura,ID-09323,Operacion registrada automaticamente
2024-02-18 09:14:33,igarcia20,Paciente,CITA_COMPLETADA,Cita,ID-07735,Operacion registrada automaticamente
2024-02-18 13:28:54,svargas14,Paciente,LOGIN_OK,Usuario,ID-04211,Operacion registrada automaticamente
2024-02-18 14:50:20,dfigueroa76,Medico,RECETA_EMITIDA,Receta,ID-06348,Operacion registrada automaticamente
2024-02-18 15:22:56,vcastillo1,Paciente,CITA_CANCELADA,Cita,ID-07689,Operacion registrada automaticamente
2024-02-18 15:31:41,admin,Administrador,FACTURA_EMITIDA,Factura,ID-02964,Operacion registrada automaticamente
2024-02-19 10:59:49,sromero12,Paciente,LOGIN_OK,Usuario,ID-09816,Operacion registrada automaticamente
2024-02-19 13:05:42,calvarado17,Paciente,CITA_CANCELADA,Cita,ID-09429,Operacion registrada automaticamente
2024-02-19 15:39:58,ecastillo21,Paciente,CITA_COMPLETADA,Cita,ID-00697,Operacion registrada automaticamente
2024-02-20 09:09:25,iramirez23,Paciente,HISTORIAL_CONSULTA,Historial,ID-01746,Operacion registrada automaticamente
2024-02-20 12:24:15,ecastillo21,Paciente,CITA_COMPLETADA,Cita,ID-08132,Operacion registrada automaticamente
2024-02-20 17:35:25,dherrera66,Medico,HISTORIAL_ENTRADA,Historial,ID-07887,Operacion registrada automaticamente
2024-02-21 11:20:55,admin,Administrador,BUSQUEDA,Global,ID-09999,Operacion registrada automaticamente
2024-02-21 12:17:37,dramirez76,Medico,RECETA_EMITIDA,Receta,ID-07725,Operacion registrada automaticamente
2024-02-22 08:08:33,dmartinez70,Medico,RECETA_EMITIDA,Receta,ID-03430,Operacion registrada automaticamente
2024-02-22 10:15:59,fcaceres25,Paciente,LOGIN_OK,Usuario,ID-05606,Operacion registrada automaticamente
2024-02-23 10:37:57,dherrera66,Medico,HISTORIAL_ENTRADA,Historial,ID-06768,Operacion registrada automaticamente
2024-02-23 11:32:00,dramirez79,Medico,RECETA_EMITIDA,Receta,ID-03351,Operacion registrada automaticamente
2024-02-23 12:00:27,egarcia7,Paciente,CITA_COMPLETADA,Cita,ID-04263,Operacion registrada automaticamente
2024-02-23 17:37:45,agarcia28,Paciente,CITA_CANCELADA,Cita,ID-09319,Operacion registrada automaticamente
2024-02-24 11:24:01,rchavez14,Paciente,CITA_COMPLETADA,Cita,ID-02098,Operacion registrada automaticamente
2024-02-24 13:21:20,iruiz14,Paciente,LOGIN_OK,Usuario,ID-09302,Operacion registrada automaticamente
2024-02-24 17:55:58,daguilar64,Medico,HISTORIAL_ENTRADA,Historial,ID-05031,Operacion registrada automaticamente
2024-02-25 09:45:06,admin,Administrador,BUSQUEDA,Global,ID-00902,Operacion registrada automaticamente
2024-02-26 09:59:29,fgomez3,Paciente,CITA_COMPLETADA,Cita,ID-09866,Operacion registrada automaticamente
2024-02-26 10:21:11,fchavez22,Paciente,CITA_CANCELADA,Cita,ID-04593,Operacion registrada automaticamente
2024-02-26 11:44:01,dcerda73,Medico,RECETA_EMITIDA,Receta,ID-06824,Operacion registrada automaticamente
2024-02-26 13:01:42,valvarado4,Paciente,CITA_COMPLETADA,Cita,ID-04087,Operacion registrada automaticamente
2024-02-26 13:21:34,fcaceres25,Paciente,CITA_CREADA,Cita,ID-06041,Operacion registrada automaticamente
2024-02-27 08:02:19,caguilar20,Paciente,LOGIN_OK,Usuario,ID-06928,Operacion registrada automaticamente
2024-02-27 14:06:18,fgomez3,Paciente,HISTORIAL_CONSULTA,Historial,ID-02542,Operacion registrada automaticamente
2024-02-27 16:38:33,aperez3,Paciente,CITA_CANCELADA,Cita,ID-09015,Operacion registrada automaticamente
2024-02-28 10:43:37,gperez16,Paciente,PAGO_REGISTRADO,Factura,ID-02340,Operacion registrada automaticamente
2024-02-28 12:19:44,rchavez14,Paciente,HISTORIAL_CONSULTA,Historial,ID-01210,Operacion registrada automaticamente
2024-02-29 09:02:26,admin,Administrador,FACTURA_EMITIDA,Factura,ID-01185,Operacion registrada automaticamente
2024-02-29 10:08:41,amendez4,Paciente,CITA_CREADA,Cita,ID-00557,Operacion registrada automaticamente
2024-02-29 12:19:54,admin,Administrador,FACTURA_EMITIDA,Factura,ID-07815,Operacion registrada automaticamente
2024-03-01 08:33:26,nromero29,Paciente,CITA_CREADA,Cita,ID-00050,Operacion registrada automaticamente
2024-03-01 09:54:54,vfigueroa39,Paciente,PAGO_REGISTRADO,Factura,ID-06211,Operacion registrada automaticamente
2024-03-01 14:14:23,lguzman23,Paciente,LOGIN_OK,Usuario,ID-07354,Operacion registrada automaticamente
2024-03-02 09:57:13,etapuy11,Paciente,CITA_CREADA,Cita,ID-03613,Operacion registrada automaticamente
2024-03-02 10:25:53,mgonzalez53,Paciente,CITA_COMPLETADA,Cita,ID-09513,Operacion registrada automaticamente
2024-03-03 08:43:04,rjimenez63,Paciente,HISTORIAL_CONSULTA,Historial,ID-09474,Operacion registrada automaticamente
2024-03-03 10:40:35,vgonzalez27,Paciente,CITA_CANCELADA,Cita,ID-06185,Operacion registrada automaticamente
2024-03-03 11:13:09,iromero17,Paciente,PAGO_REGISTRADO,Factura,ID-00436,Operacion registrada automaticamente
2024-03-03 11:17:05,iruiz14,Paciente,LOGIN_OK,Usuario,ID-03003,Operacion registrada automaticamente
2024-03-03 11:38:10,caguilar20,Paciente,CITA_COMPLETADA,Cita,ID-09175,Operacion registrada automaticamente
2024-03-04 09:04:02,druiz71,Medico,HISTORIAL_ENTRADA,Historial,ID-05470,Operacion registrada automaticamente
2024-03-04 11:57:48,admin,Administrador,BUSQUEDA,Global,ID-00761,Operacion registrada automaticamente
2024-03-04 12:09:01,dcruz76,Medico,HISTORIAL_ENTRADA,Historial,ID-07641,Operacion registrada automaticamente
2024-03-04 15:11:20,dromero75,Medico,HISTORIAL_ENTRADA,Historial,ID-07263,Operacion registrada automaticamente
2024-03-05 08:36:16,druiz67,Medico,RECETA_EMITIDA,Receta,ID-07308,Operacion registrada automaticamente
2024-03-05 13:14:14,lalvarado43,Paciente,CITA_COMPLETADA,Cita,ID-00073,Operacion registrada automaticamente
2024-03-06 13:19:18,igarcia20,Paciente,LOGIN_OK,Usuario,ID-04620,Operacion registrada automaticamente
2024-03-06 15:44:53,fflores28,Paciente,HISTORIAL_CONSULTA,Historial,ID-07236,Operacion registrada automaticamente
2024-03-07 10:32:27,acastillo36,Paciente,CITA_COMPLETADA,Cita,ID-01575,Operacion registrada automaticamente
2024-03-07 11:12:19,admin,Administrador,BUSQUEDA,Global,ID-07087,Operacion registrada automaticamente
2024-03-07 12:04:59,caguilar20,Paciente,LOGIN_OK,Usuario,ID-08021,Operacion registrada automaticamente
2024-03-07 14:19:49,dshiguango9,Paciente,CITA_CREADA,Cita,ID-09833,Operacion registrada automaticamente
2024-03-07 14:39:48,oespinoza6,Paciente,CITA_CREADA,Cita,ID-08032,Operacion registrada automaticamente
2024-03-07 17:51:06,dherrera66,Medico,HISTORIAL_ENTRADA,Historial,ID-06956,Operacion registrada automaticamente
2024-03-08 11:58:04,egarcia7,Paciente,CITA_CANCELADA,Cita,ID-00106,Operacion registrada automaticamente
2024-03-08 14:33:50,pgomez54,Paciente,CITA_COMPLETADA,Cita,ID-04104,Operacion registrada automaticamente
2024-03-08 17:41:18,druiz63,Medico,RECETA_EMITIDA,Receta,ID-04868,Operacion registrada automaticamente
2024-03-09 08:23:14,dortega43,Paciente,CITA_COMPLETADA,Cita,ID-03787,Operacion registrada automaticamente
2024-03-09 15:43:46,vespinoza8,Paciente,LOGIN_OK,Usuario,ID-03017,Operacion registrada automaticamente
2024-03-09 15:56:11,sgarcia52,Paciente,HISTORIAL_CONSULTA,Historial,ID-01544,Operacion registrada automaticamente
2024-03-10 10:12:38,ccastro52,Paciente,LOGIN_OK,Usuario,ID-06184,Operacion registrada automaticamente
2024-03-10 10:36:26,fchavez22,Paciente,LOGIN_OK,Usuario,ID-08375,Operacion registrada automaticamente
2024-03-10 12:21:46,frodriguez13,Paciente,CITA_COMPLETADA,Cita,ID-06849,Operacion registrada automaticamente
2024-03-11 12:47:41,abenitez35,Paciente,CITA_CREADA,Cita,ID-09671,Operacion registrada automaticamente
2024-03-11 16:43:10,saguilar42,Paciente,LOGIN_OK,Usuario,ID-09683,Operacion registrada automaticamente
2024-03-13 09:02:04,pcruz29,Paciente,PAGO_REGISTRADO,Factura,ID-08773,Operacion registrada automaticamente
2024-03-13 09:44:41,vsanchez3,Paciente,LOGIN_OK,Usuario,ID-05172,Operacion registrada automaticamente
2024-03-13 12:13:12,admin,Administrador,BUSQUEDA,Global,ID-09826,Operacion registrada automaticamente
2024-03-13 12:19:35,dgonzalez56,Paciente,LOGIN_OK,Usuario,ID-05215,Operacion registrada automaticamente
2024-03-13 14:09:16,dlopez75,Medico,HISTORIAL_ENTRADA,Historial,ID-04647,Operacion registrada automaticamente
2024-03-13 17:29:34,cbenitez59,Paciente,LOGIN_OK,Usuario,ID-00590,Operacion registrada automaticamente
2024-03-13 17:44:59,sromero12,Paciente,CITA_CREADA,Cita,ID-09895,Operacion registrada automaticamente
2024-03-14 08:30:04,ddiaz64,Medico,HISTORIAL_ENTRADA,Historial,ID-05044,Operacion registrada automaticamente
2024-03-14 11:04:51,lguzman23,Paciente,CITA_CANCELADA,Cita,ID-01691,Operacion registrada automaticamente
2024-03-14 12:53:19,admin,Administrador,BUSQUEDA,Global,ID-08213,Operacion registrada automaticamente
2024-03-14 15:04:49,dperez69,Medico,RECETA_EMITIDA,Receta,ID-07200,Operacion registrada automaticamente
2024-03-15 09:46:17,nvargas,Paciente,LOGIN_OK,Usuario,ID-03524,Operacion registrada automaticamente
2024-03-15 14:11:02,daguilar64,Medico,RECETA_EMITIDA,Receta,ID-09939,Operacion registrada automaticamente
2024-03-15 14:18:48,vruiz33,Paciente,CITA_CREADA,Cita,ID-01119,Operacion registrada automaticamente
2024-03-15 15:35:49,caguilar61,Paciente,CITA_CANCELADA,Cita,ID-01142,Operacion registrada automaticamente
2024-03-15 15:56:42,sgarcia52,Paciente,HISTORIAL_CONSULTA,Historial,ID-03586,Operacion registrada automaticamente
2024-03-16 08:15:47,dlopez75,Medico,RECETA_EMITIDA,Receta,ID-08863,Operacion registrada automaticamente
2024-03-16 11:01:57,dmartinez53,Paciente,LOGIN_OK,Usuario,ID-05094,Operacion registrada automaticamente
2024-03-17 09:39:56,frodriguez13,Paciente,HISTORIAL_CONSULTA,Historial,ID-01733,Operacion registrada automaticamente
2024-03-17 11:06:38,ljimenez22,Paciente,HISTORIAL_CONSULTA,Historial,ID-04699,Operacion registrada automaticamente
2024-03-17 11:20:05,druiz63,Medico,RECETA_EMITIDA,Receta,ID-06305,Operacion registrada automaticamente
2024-03-17 14:32:02,cespinoza44,Paciente,LOGIN_OK,Usuario,ID-09188,Operacion registrada automaticamente
2024-03-17 16:30:13,ivargas7,Paciente,CITA_COMPLETADA,Cita,ID-01896,Operacion registrada automaticamente
2024-03-17 16:41:37,mromero46,Paciente,HISTORIAL_CONSULTA,Historial,ID-07489,Operacion registrada automaticamente
2024-03-17 17:14:08,dcerda73,Medico,RECETA_EMITIDA,Receta,ID-08565,Operacion registrada automaticamente
2024-03-18 12:40:14,admin,Administrador,BUSQUEDA,Global,ID-02742,Operacion registrada automaticamente
2024-03-18 12:41:15,dramirez79,Medico,HISTORIAL_ENTRADA,Historial,ID-07992,Operacion registrada automaticamente
2024-03-18 13:58:07,dcaceres67,Medico,HISTORIAL_ENTRADA,Historial,ID-03386,Operacion registrada automaticamente
2024-03-18 14:12:10,rguzman42,Paciente,CITA_CANCELADA,Cita,ID-09920,Operacion registrada automaticamente
2024-03-20 09:21:08,framirez27,Paciente,LOGIN_OK,Usuario,ID-00708,Operacion registrada automaticamente
2024-03-20 09:56:52,admin,Administrador,BUSQUEDA,Global,ID-09942,Operacion registrada automaticamente
2024-03-20 13:18:12,ccastillo12,Paciente,CITA_CREADA,Cita,ID-03032,Operacion registrada automaticamente
2024-03-21 11:18:17,iramirez23,Paciente,CITA_CREADA,Cita,ID-01966,Operacion registrada automaticamente
2024-03-21 15:28:05,srodriguez37,Paciente,CITA_COMPLETADA,Cita,ID-02322,Operacion registrada automaticamente
2024-03-21 16:39:43,valvarado4,Paciente,HISTORIAL_CONSULTA,Historial,ID-04873,Operacion registrada automaticamente
2024-03-22 11:00:21,bfigueroa6,Paciente,CITA_CREADA,Cita,ID-08310,Operacion registrada automaticamente
2024-03-22 11:34:49,dfigueroa78,Medico,RECETA_EMITIDA,Receta,ID-03173,Operacion registrada automaticamente
2024-03-22 11:44:58,admin,Administrador,BUSQUEDA,Global,ID-00978,Operacion registrada automaticamente
2024-03-22 14:07:21,pmedina26,Paciente,HISTORIAL_CONSULTA,Historial,ID-07894,Operacion registrada automaticamente
2024-03-22 15:08:44,admin,Administrador,FACTURA_EMITIDA,Factura,ID-03360,Operacion registrada automaticamente
2024-03-22 16:06:01,daguilar64,Medico,HISTORIAL_ENTRADA,Historial,ID-02783,Operacion registrada automaticamente
2024-03-22 17:31:02,admin,Administrador,FACTURA_EMITIDA,Factura,ID-04142,Operacion registrada automaticamente
2024-03-23 16:43:18,dgrefa64,Medico,HISTORIAL_ENTRADA,Historial,ID-09757,Operacion registrada automaticamente
2024-03-25 13:07:13,lcruz27,Paciente,CITA_CANCELADA,Cita,ID-01138,Operacion registrada automaticamente
2024-03-25 13:54:45,jmartinez5,Paciente,HISTORIAL_CONSULTA,Historial,ID-07674,Operacion registrada automaticamente
2024-03-25 16:03:11,admin,Administrador,BUSQUEDA,Global,ID-07568,Operacion registrada automaticamente
2024-03-26 12:41:39,scastillo8,Paciente,CITA_COMPLETADA,Cita,ID-06503,Operacion registrada automaticamente
2024-03-26 13:55:03,aguzman43,Paciente,LOGIN_OK,Usuario,ID-06258,Operacion registrada automaticamente
2024-03-26 16:54:57,bcruz1,Paciente,CITA_CREADA,Cita,ID-06086,Operacion registrada automaticamente
2024-03-27 11:31:15,dlopez75,Medico,HISTORIAL_ENTRADA,Historial,ID-03739,Operacion registrada automaticamente
2024-03-27 13:04:50,lmendez23,Paciente,CITA_CANCELADA,Cita,ID-05963,Operacion registrada automaticamente
2024-03-28 08:42:41,ftapuy41,Paciente,CITA_COMPLETADA,Cita,ID-05171,Operacion registrada automaticamente
2024-03-28 16:01:53,caguilar20,Paciente,CITA_COMPLETADA,Cita,ID-07993,Operacion registrada automaticamente
2024-03-28 16:45:05,pgomez57,Paciente,CITA_CREADA,Cita,ID-01683,Operacion registrada automaticamente
2024-03-29 15:24:43,etapuy11,Paciente,HISTORIAL_CONSULTA,Historial,ID-08695,Operacion registrada automaticamente
2024-03-30 09:57:46,mcerda62,Paciente,CITA_CANCELADA,Cita,ID-00022,Operacion registrada automaticamente
2024-03-30 10:15:20,admin,Administrador,BUSQUEDA,Global,ID-00071,Operacion registrada automaticamente
2024-03-30 12:25:48,dtapuy71,Medico,RECETA_EMITIDA,Receta,ID-04665,Operacion registrada automaticamente
2024-03-31 13:03:06,mortega9,Paciente,LOGIN_OK,Usuario,ID-08867,Operacion registrada automaticamente
2024-03-31 15:35:56,mgarcia63,Paciente,LOGIN_OK,Usuario,ID-03814,Operacion registrada automaticamente
2024-03-31 16:09:16,admin,Administrador,FACTURA_EMITIDA,Factura,ID-04772,Operacion registrada automaticamente
2024-03-31 16:12:07,dchavez62,Medico,HISTORIAL_ENTRADA,Historial,ID-02727,Operacion registrada automaticamente
2024-03-31 17:02:35,promero13,Paciente,CITA_CANCELADA,Cita,ID-07739,Operacion registrada automaticamente
2024-04-01 10:30:50,admin,Administrador,FACTURA_EMITIDA,Factura,ID-03879,Operacion registrada automaticamente
2024-04-01 11:14:49,cmendez20,Paciente,CITA_CREADA,Cita,ID-06780,Operacion registrada automaticamente
2024-04-01 12:13:37,acaceres12,Paciente,PAGO_REGISTRADO,Factura,ID-00406,Operacion registrada automaticamente
2024-04-03 09:38:25,fchavez22,Paciente,CITA_CREADA,Cita,ID-05488,Operacion registrada automaticamente
2024-04-03 10:42:39,fmendez37,Paciente,CITA_CREADA,Cita,ID-09174,Operacion registrada automaticamente
2024-04-03 12:50:54,jcastillo14,Paciente,CITA_CANCELADA,Cita,ID-03604,Operacion registrada automaticamente
2024-04-03 15:13:58,lalvarado43,Paciente,CITA_CREADA,Cita,ID-02733,Operacion registrada automaticamente
2024-04-03 16:38:08,aperez3,Paciente,CITA_CANCELADA,Cita,ID-09607,Operacion registrada automaticamente
2024-04-04 09:21:58,mdiaz54,Paciente,CITA_COMPLETADA,Cita,ID-04266,Operacion registrada automaticamente
2024-04-04 11:21:14,dperez69,Medico,RECETA_EMITIDA,Receta,ID-01553,Operacion registrada automaticamente
2024-04-04 16:08:57,eguzman2,Paciente,HISTORIAL_CONSULTA,Historial,ID-06833,Operacion registrada automaticamente
2024-04-05 08:25:54,mgomez29,Paciente,CITA_CANCELADA,Cita,ID-05529,Operacion registrada automaticamente
2024-04-05 13:36:32,bcruz1,Paciente,CITA_COMPLETADA,Cita,ID-06382,Operacion registrada automaticamente
2024-04-06 09:26:49,dshiguango9,Paciente,PAGO_REGISTRADO,Factura,ID-08389,Operacion registrada automaticamente
2024-04-06 13:26:23,dflores55,Medico,RECETA_EMITIDA,Receta,ID-05660,Operacion registrada automaticamente
2024-04-06 14:14:09,dherrera73,Medico,HISTORIAL_ENTRADA,Historial,ID-07935,Operacion registrada automaticamente
2024-04-06 14:58:08,admin,Administrador,FACTURA_EMITIDA,Factura,ID-01395,Operacion registrada automaticamente
2024-04-06 17:13:12,admin,Administrador,BUSQUEDA,Global,ID-09117,Operacion registrada automaticamente
2024-04-07 10:02:15,cbenitez59,Paciente,CITA_CANCELADA,Cita,ID-07793,Operacion registrada automaticamente
2024-04-07 12:11:10,admin,Administrador,BUSQUEDA,Global,ID-08550,Operacion registrada automaticamente
2024-04-07 14:26:01,admin,Administrador,FACTURA_EMITIDA,Factura,ID-01042,Operacion registrada automaticamente
2024-04-07 15:10:05,pfigueroa29,Paciente,HISTORIAL_CONSULTA,Historial,ID-04951,Operacion registrada automaticamente
2024-04-08 08:34:41,admin,Administrador,FACTURA_EMITIDA,Factura,ID-04121,Operacion registrada automaticamente
2024-04-08 10:37:15,pfigueroa29,Paciente,PAGO_REGISTRADO,Factura,ID-03051,Operacion registrada automaticamente
2024-04-08 12:51:54,vruiz33,Paciente,LOGIN_OK,Usuario,ID-09702,Operacion registrada automaticamente
2024-04-09 11:22:50,admin,Administrador,BUSQUEDA,Global,ID-08302,Operacion registrada automaticamente
2024-04-09 13:36:29,admin,Administrador,BUSQUEDA,Global,ID-00315,Operacion registrada automaticamente
2024-04-09 15:37:01,admin,Administrador,FACTURA_EMITIDA,Factura,ID-00279,Operacion registrada automaticamente
2024-04-10 09:29:21,dshiguango9,Paciente,HISTORIAL_CONSULTA,Historial,ID-07103,Operacion registrada automaticamente
2024-04-10 15:56:40,sbenitez4,Paciente,CITA_CANCELADA,Cita,ID-01528,Operacion registrada automaticamente
2024-04-11 16:37:20,iromero17,Paciente,HISTORIAL_CONSULTA,Historial,ID-01292,Operacion registrada automaticamente
2024-04-12 10:31:17,hjimenez5,Paciente,CITA_CREADA,Cita,ID-04087,Operacion registrada automaticamente
2024-04-12 15:49:33,vcastro19,Paciente,LOGIN_OK,Usuario,ID-08060,Operacion registrada automaticamente
2024-04-13 15:06:54,druiz63,Medico,HISTORIAL_ENTRADA,Historial,ID-00394,Operacion registrada automaticamente
2024-04-13 15:40:45,iromero17,Paciente,HISTORIAL_CONSULTA,Historial,ID-09011,Operacion registrada automaticamente
2024-04-13 17:12:20,arivera19,Paciente,HISTORIAL_CONSULTA,Historial,ID-05958,Operacion registrada automaticamente
2024-04-14 08:58:45,cbenitez59,Paciente,CITA_COMPLETADA,Cita,ID-05322,Operacion registrada automaticamente
2024-04-14 11:34:47,mespinoza45,Paciente,CITA_COMPLETADA,Cita,ID-05645,Operacion registrada automaticamente
2024-04-14 16:35:24,jcastillo14,Paciente,LOGIN_OK,Usuario,ID-09225,Operacion registrada automaticamente
2024-04-16 11:20:59,admin,Administrador,FACTURA_EMITIDA,Factura,ID-03788,Operacion registrada automaticamente
2024-04-16 14:07:59,ogrefa8,Paciente,LOGIN_OK,Usuario,ID-08132,Operacion registrada automaticamente
2024-04-17 14:59:57,amendez4,Paciente,CITA_CREADA,Cita,ID-08675,Operacion registrada automaticamente
2024-04-17 15:39:13,vrivera5,Paciente,HISTORIAL_CONSULTA,Historial,ID-08688,Operacion registrada automaticamente
2024-04-18 16:33:31,caguilar20,Paciente,CITA_COMPLETADA,Cita,ID-06461,Operacion registrada automaticamente
2024-04-19 16:20:28,sespinoza15,Paciente,CITA_CANCELADA,Cita,ID-06397,Operacion registrada automaticamente
2024-04-20 09:14:52,ljimenez22,Paciente,HISTORIAL_CONSULTA,Historial,ID-05757,Operacion registrada automaticamente
2024-04-20 09:38:00,dgarcia71,Medico,HISTORIAL_ENTRADA,Historial,ID-03265,Operacion registrada automaticamente
2024-04-20 12:25:58,dsanchez62,Medico,RECETA_EMITIDA,Receta,ID-00097,Operacion registrada automaticamente
2024-04-20 13:09:57,gperez16,Paciente,HISTORIAL_CONSULTA,Historial,ID-06775,Operacion registrada automaticamente
2024-04-20 15:09:30,itorres12,Paciente,HISTORIAL_CONSULTA,Historial,ID-02527,Operacion registrada automaticamente
2024-04-21 09:44:24,vsanchez3,Paciente,CITA_COMPLETADA,Cita,ID-07755,Operacion registrada automaticamente
2024-04-21 14:55:04,admin,Administrador,FACTURA_EMITIDA,Factura,ID-02258,Operacion registrada automaticamente
2024-04-22 10:01:21,admin,Administrador,FACTURA_EMITIDA,Factura,ID-09623,Operacion registrada automaticamente
2024-04-22 10:07:17,admin,Administrador,BUSQUEDA,Global,ID-02144,Operacion registrada automaticamente
2024-04-22 11:14:06,etapuy11,Paciente,CITA_COMPLETADA,Cita,ID-05644,Operacion registrada automaticamente
2024-04-22 12:08:11,admin,Administrador,FACTURA_EMITIDA,Factura,ID-03892,Operacion registrada automaticamente
2024-04-22 14:49:43,dramirez76,Medico,RECETA_EMITIDA,Receta,ID-06559,Operacion registrada automaticamente
2024-04-22 15:09:57,mchavez33,Paciente,CITA_CANCELADA,Cita,ID-04629,Operacion registrada automaticamente
2024-04-22 15:15:09,dramirez77,Medico,HISTORIAL_ENTRADA,Historial,ID-03894,Operacion registrada automaticamente
2024-04-22 17:36:20,admin,Administrador,FACTURA_EMITIDA,Factura,ID-04869,Operacion registrada automaticamente
2024-04-23 10:53:33,admin,Administrador,FACTURA_EMITIDA,Factura,ID-02008,Operacion registrada automaticamente
2024-04-23 15:00:30,hcaceres10,Paciente,LOGIN_OK,Usuario,ID-09390,Operacion registrada automaticamente
2024-04-23 17:39:17,dgomez73,Medico,HISTORIAL_ENTRADA,Historial,ID-05917,Operacion registrada automaticamente
2024-04-24 14:25:36,agarcia28,Paciente,CITA_CANCELADA,Cita,ID-00291,Operacion registrada automaticamente
2024-04-24 16:45:38,admin,Administrador,BUSQUEDA,Global,ID-05688,Operacion registrada automaticamente
2024-04-25 09:16:48,rchavez14,Paciente,CITA_COMPLETADA,Cita,ID-00181,Operacion registrada automaticamente
2024-04-25 09:25:03,admin,Administrador,FACTURA_EMITIDA,Factura,ID-07572,Operacion registrada automaticamente
2024-04-25 09:34:17,fperez1,Paciente,CITA_CREADA,Cita,ID-09647,Operacion registrada automaticamente
2024-04-25 10:13:35,gperez16,Paciente,CITA_COMPLETADA,Cita,ID-01109,Operacion registrada automaticamente
2024-04-25 13:27:49,mespinoza51,Paciente,CITA_COMPLETADA,Cita,ID-04124,Operacion registrada automaticamente
2024-04-26 14:10:45,hjimenez5,Paciente,CITA_CREADA,Cita,ID-01578,Operacion registrada automaticamente
2024-04-27 08:40:42,glopez20,Paciente,PAGO_REGISTRADO,Factura,ID-01155,Operacion registrada automaticamente
2024-04-27 08:58:43,mespinoza51,Paciente,LOGIN_OK,Usuario,ID-03601,Operacion registrada automaticamente
2024-04-27 09:03:04,admin,Administrador,FACTURA_EMITIDA,Factura,ID-00761,Operacion registrada automaticamente
2024-04-28 09:44:07,admin,Administrador,BUSQUEDA,Global,ID-07664,Operacion registrada automaticamente
2024-04-28 10:26:07,aramirez44,Paciente,CITA_CANCELADA,Cita,ID-09531,Operacion registrada automaticamente
2024-04-28 15:49:19,pherrera20,Paciente,LOGIN_OK,Usuario,ID-07369,Operacion registrada automaticamente
2024-04-29 17:00:38,aortega68,Paciente,HISTORIAL_CONSULTA,Historial,ID-07312,Operacion registrada automaticamente
2024-04-29 17:23:59,rperez32,Paciente,HISTORIAL_CONSULTA,Historial,ID-05031,Operacion registrada automaticamente
2024-04-30 11:51:24,dtapuy74,Medico,HISTORIAL_ENTRADA,Historial,ID-06927,Operacion registrada automaticamente
2024-04-30 12:43:13,acaceres12,Paciente,PAGO_REGISTRADO,Factura,ID-06940,Operacion registrada automaticamente
2024-04-30 17:59:07,maguilar12,Paciente,CITA_CANCELADA,Cita,ID-02988,Operacion registrada automaticamente
2024-05-01 08:32:42,admin,Administrador,BUSQUEDA,Global,ID-07112,Operacion registrada automaticamente
2024-05-01 13:04:40,pgomez54,Paciente,CITA_COMPLETADA,Cita,ID-00652,Operacion registrada automaticamente
2024-05-01 15:37:28,mruiz,Paciente,CITA_CANCELADA,Cita,ID-04546,Operacion registrada automaticamente
2024-05-03 09:21:07,tespinoza2,Paciente,CITA_COMPLETADA,Cita,ID-03116,Operacion registrada automaticamente
2024-05-03 11:09:06,daguilar64,Medico,RECETA_EMITIDA,Receta,ID-08097,Operacion registrada automaticamente
2024-05-03 12:40:42,srodriguez37,Paciente,CITA_CANCELADA,Cita,ID-08052,Operacion registrada automaticamente
2024-05-03 17:17:37,bmartinez3,Paciente,LOGIN_OK,Usuario,ID-02091,Operacion registrada automaticamente
2024-05-03 17:44:19,admin,Administrador,BUSQUEDA,Global,ID-02753,Operacion registrada automaticamente
2024-05-04 10:37:49,mromero46,Paciente,LOGIN_OK,Usuario,ID-09599,Operacion registrada automaticamente
2024-05-04 11:04:39,lvargas8,Paciente,PAGO_REGISTRADO,Factura,ID-01485,Operacion registrada automaticamente
2024-05-04 14:41:58,agarcia28,Paciente,HISTORIAL_CONSULTA,Historial,ID-06008,Operacion registrada automaticamente
2024-05-06 09:05:18,dramos64,Medico,RECETA_EMITIDA,Receta,ID-02705,Operacion registrada automaticamente
2024-05-06 11:22:18,ccastillo12,Paciente,HISTORIAL_CONSULTA,Historial,ID-09629,Operacion registrada automaticamente
2024-05-06 12:49:20,dcerda14,Paciente,PAGO_REGISTRADO,Factura,ID-03371,Operacion registrada automaticamente
2024-05-06 16:42:06,mgonzalez53,Paciente,CITA_CANCELADA,Cita,ID-06741,Operacion registrada automaticamente
2024-05-07 09:11:30,eherrera4,Paciente,HISTORIAL_CONSULTA,Historial,ID-09935,Operacion registrada automaticamente
2024-05-07 13:08:21,ljimenez22,Paciente,LOGIN_OK,Usuario,ID-05895,Operacion registrada automaticamente
2024-05-08 09:21:35,admin,Administrador,FACTURA_EMITIDA,Factura,ID-02545,Operacion registrada automaticamente
2024-05-08 11:13:31,mdiaz54,Paciente,PAGO_REGISTRADO,Factura,ID-06870,Operacion registrada automaticamente
2024-05-09 09:16:23,ivargas7,Paciente,CITA_CREADA,Cita,ID-05854,Operacion registrada automaticamente
2024-05-09 10:03:06,lcerda41,Paciente,CITA_CANCELADA,Cita,ID-06146,Operacion registrada automaticamente
2024-05-09 13:34:34,druiz61,Medico,HISTORIAL_ENTRADA,Historial,ID-03654,Operacion registrada automaticamente
2024-05-10 14:10:17,admin,Administrador,FACTURA_EMITIDA,Factura,ID-07660,Operacion registrada automaticamente
2024-05-11 08:44:35,admin,Administrador,FACTURA_EMITIDA,Factura,ID-05900,Operacion registrada automaticamente
2024-05-11 09:33:27,eherrera16,Paciente,PAGO_REGISTRADO,Factura,ID-09841,Operacion registrada automaticamente
2024-05-11 11:36:27,mtorres75,Paciente,CITA_COMPLETADA,Cita,ID-04469,Operacion registrada automaticamente
2024-05-11 13:49:09,djimenez10,Paciente,HISTORIAL_CONSULTA,Historial,ID-04065,Operacion registrada automaticamente
2024-05-11 15:28:11,ddiaz64,Medico,HISTORIAL_ENTRADA,Historial,ID-04562,Operacion registrada automaticamente
2024-05-11 16:55:04,dramirez79,Medico,HISTORIAL_ENTRADA,Historial,ID-00246,Operacion registrada automaticamente
2024-05-12 09:10:34,admin,Administrador,FACTURA_EMITIDA,Factura,ID-03706,Operacion registrada automaticamente
2024-05-12 09:58:01,druiz63,Medico,RECETA_EMITIDA,Receta,ID-02549,Operacion registrada automaticamente
2024-05-12 10:31:04,agrefa27,Paciente,CITA_COMPLETADA,Cita,ID-01125,Operacion registrada automaticamente
2024-05-13 11:08:27,admin,Administrador,BUSQUEDA,Global,ID-09875,Operacion registrada automaticamente
2024-05-13 11:19:31,iromero17,Paciente,PAGO_REGISTRADO,Factura,ID-07669,Operacion registrada automaticamente
2024-05-13 13:04:16,acaceres12,Paciente,CITA_CANCELADA,Cita,ID-06406,Operacion registrada automaticamente
2024-05-13 17:22:28,dflores57,Medico,RECETA_EMITIDA,Receta,ID-05487,Operacion registrada automaticamente
2024-05-14 09:45:13,tespinoza2,Paciente,LOGIN_OK,Usuario,ID-01413,Operacion registrada automaticamente
2024-05-15 09:16:38,fmendez37,Paciente,CITA_COMPLETADA,Cita,ID-02193,Operacion registrada automaticamente
2024-05-17 10:06:54,admin,Administrador,FACTURA_EMITIDA,Factura,ID-04849,Operacion registrada automaticamente
2024-05-17 11:58:50,agrefa27,Paciente,HISTORIAL_CONSULTA,Historial,ID-03616,Operacion registrada automaticamente
2024-05-18 08:00:25,admin,Administrador,FACTURA_EMITIDA,Factura,ID-04396,Operacion registrada automaticamente
2024-05-18 15:07:51,pjimenez11,Paciente,HISTORIAL_CONSULTA,Historial,ID-05183,Operacion registrada automaticamente
2024-05-18 15:36:25,gguzman9,Paciente,CITA_CREADA,Cita,ID-09238,Operacion registrada automaticamente
2024-05-18 17:10:56,dfigueroa76,Medico,RECETA_EMITIDA,Receta,ID-06147,Operacion registrada automaticamente
2024-05-19 10:51:48,admin,Administrador,BUSQUEDA,Global,ID-04460,Operacion registrada automaticamente
2024-05-19 15:10:24,pfigueroa29,Paciente,CITA_CANCELADA,Cita,ID-08447,Operacion registrada automaticamente
2024-05-20 16:49:21,admin,Administrador,BUSQUEDA,Global,ID-07935,Operacion registrada automaticamente
2024-05-20 17:23:34,admin,Administrador,BUSQUEDA,Global,ID-02433,Operacion registrada automaticamente
2024-05-21 12:04:24,vsanchez3,Paciente,PAGO_REGISTRADO,Factura,ID-09977,Operacion registrada automaticamente
2024-05-21 13:10:06,admin,Administrador,BUSQUEDA,Global,ID-09177,Operacion registrada automaticamente
2024-05-21 15:00:53,dtapuy74,Medico,RECETA_EMITIDA,Receta,ID-02581,Operacion registrada automaticamente
2024-05-21 16:49:50,admin,Administrador,BUSQUEDA,Global,ID-01313,Operacion registrada automaticamente
2024-05-22 15:13:52,admin,Administrador,FACTURA_EMITIDA,Factura,ID-02630,Operacion registrada automaticamente
2024-05-23 14:55:32,daguilar64,Medico,RECETA_EMITIDA,Receta,ID-01623,Operacion registrada automaticamente
2024-05-24 12:23:05,dperez38,Paciente,CITA_CREADA,Cita,ID-00186,Operacion registrada automaticamente
2024-05-24 13:50:11,promero13,Paciente,HISTORIAL_CONSULTA,Historial,ID-01823,Operacion registrada automaticamente
2024-05-25 10:45:13,admin,Administrador,FACTURA_EMITIDA,Factura,ID-02023,Operacion registrada automaticamente
2024-05-25 12:49:05,dfigueroa78,Medico,RECETA_EMITIDA,Receta,ID-06611,Operacion registrada automaticamente
2024-05-25 13:00:21,mortega9,Paciente,HISTORIAL_CONSULTA,Historial,ID-00751,Operacion registrada automaticamente
2024-05-26 09:54:55,admin,Administrador,FACTURA_EMITIDA,Factura,ID-07785,Operacion registrada automaticamente
2024-05-26 12:59:11,nfigueroa1,Paciente,CITA_CREADA,Cita,ID-02157,Operacion registrada automaticamente
2024-05-26 15:15:42,dfigueroa79,Medico,HISTORIAL_ENTRADA,Historial,ID-04163,Operacion registrada automaticamente
2024-05-26 16:59:25,admin,Administrador,BUSQUEDA,Global,ID-08395,Operacion registrada automaticamente
2024-05-27 10:24:33,mromero46,Paciente,HISTORIAL_CONSULTA,Historial,ID-01698,Operacion registrada automaticamente
2024-05-27 11:16:01,dtapuy71,Medico,HISTORIAL_ENTRADA,Historial,ID-08672,Operacion registrada automaticamente
2024-05-27 11:27:10,mcastillo22,Paciente,LOGIN_OK,Usuario,ID-03871,Operacion registrada automaticamente
2024-05-27 16:19:20,djimenez10,Paciente,LOGIN_OK,Usuario,ID-06195,Operacion registrada automaticamente
2024-05-28 13:50:51,pcruz29,Paciente,HISTORIAL_CONSULTA,Historial,ID-01809,Operacion registrada automaticamente
2024-05-28 14:42:49,bfigueroa6,Paciente,CITA_COMPLETADA,Cita,ID-01472,Operacion registrada automaticamente
2024-05-28 16:20:09,dsanchez62,Medico,HISTORIAL_ENTRADA,Historial,ID-04014,Operacion registrada automaticamente
2024-05-29 12:19:01,admin,Administrador,FACTURA_EMITIDA,Factura,ID-05773,Operacion registrada automaticamente
2024-05-29 13:43:49,eherrera4,Paciente,PAGO_REGISTRADO,Factura,ID-07136,Operacion registrada automaticamente
2024-05-30 08:11:18,dcruz76,Medico,HISTORIAL_ENTRADA,Historial,ID-05861,Operacion registrada automaticamente
2024-05-30 10:23:32,admin,Administrador,BUSQUEDA,Global,ID-04575,Operacion registrada automaticamente
2024-05-30 10:30:34,dreyes79,Medico,RECETA_EMITIDA,Receta,ID-00214,Operacion registrada automaticamente
2024-05-31 08:08:36,ddiaz64,Medico,HISTORIAL_ENTRADA,Historial,ID-08884,Operacion registrada automaticamente
2024-05-31 09:42:37,gperez16,Paciente,CITA_COMPLETADA,Cita,ID-00428,Operacion registrada automaticamente
2024-05-31 14:10:29,sjimenez2,Paciente,CITA_CANCELADA,Cita,ID-03507,Operacion registrada automaticamente
2024-06-02 08:39:47,cmendez20,Paciente,PAGO_REGISTRADO,Factura,ID-01000,Operacion registrada automaticamente
2024-06-02 09:19:48,hcaceres10,Paciente,CITA_COMPLETADA,Cita,ID-01094,Operacion registrada automaticamente
2024-06-02 13:56:44,dreyes39,Paciente,CITA_CREADA,Cita,ID-00551,Operacion registrada automaticamente
2024-06-02 16:01:34,lramos4,Paciente,LOGIN_OK,Usuario,ID-03333,Operacion registrada automaticamente
2024-06-02 17:05:44,rshiguango25,Paciente,CITA_COMPLETADA,Cita,ID-08439,Operacion registrada automaticamente
2024-06-03 08:14:06,admin,Administrador,BUSQUEDA,Global,ID-07609,Operacion registrada automaticamente
2024-06-03 08:49:41,mruiz18,Paciente,LOGIN_OK,Usuario,ID-05695,Operacion registrada automaticamente
2024-06-03 09:28:29,dvega73,Medico,RECETA_EMITIDA,Receta,ID-03146,Operacion registrada automaticamente
2024-06-03 10:26:01,igarcia20,Paciente,PAGO_REGISTRADO,Factura,ID-07397,Operacion registrada automaticamente
2024-06-06 08:06:45,lgonzalez33,Paciente,CITA_CANCELADA,Cita,ID-05708,Operacion registrada automaticamente
2024-06-06 09:45:12,admin,Administrador,BUSQUEDA,Global,ID-07089,Operacion registrada automaticamente
2024-06-06 10:28:11,sjimenez2,Paciente,PAGO_REGISTRADO,Factura,ID-07240,Operacion registrada automaticamente
2024-06-06 11:12:17,admin,Administrador,FACTURA_EMITIDA,Factura,ID-03369,Operacion registrada automaticamente
2024-06-06 12:09:22,dsanchez62,Medico,RECETA_EMITIDA,Receta,ID-06374,Operacion registrada automaticamente
2024-06-06 12:57:32,pcruz29,Paciente,CITA_COMPLETADA,Cita,ID-08203,Operacion registrada automaticamente
2024-06-06 16:50:58,admin,Administrador,BUSQUEDA,Global,ID-07318,Operacion registrada automaticamente
2024-06-07 12:02:25,hvega5,Paciente,CITA_COMPLETADA,Cita,ID-07445,Operacion registrada automaticamente
2024-06-07 12:51:49,hgonzalez6,Paciente,LOGIN_OK,Usuario,ID-00440,Operacion registrada automaticamente
2024-06-08 13:35:40,admin,Administrador,BUSQUEDA,Global,ID-09596,Operacion registrada automaticamente
2024-06-08 14:45:53,nromero29,Paciente,CITA_CREADA,Cita,ID-02743,Operacion registrada automaticamente
2024-06-09 09:49:47,ngrefa5,Paciente,CITA_CREADA,Cita,ID-08206,Operacion registrada automaticamente
2024-06-09 09:54:46,calvarado17,Paciente,CITA_CANCELADA,Cita,ID-01778,Operacion registrada automaticamente
2024-06-09 17:40:05,mtorres75,Paciente,LOGIN_OK,Usuario,ID-09871,Operacion registrada automaticamente
2024-06-10 09:10:04,ddiaz60,Medico,RECETA_EMITIDA,Receta,ID-08462,Operacion registrada automaticamente
2024-06-10 09:17:42,dflores57,Medico,RECETA_EMITIDA,Receta,ID-08078,Operacion registrada automaticamente
2024-06-10 14:02:46,admin,Administrador,FACTURA_EMITIDA,Factura,ID-02430,Operacion registrada automaticamente
2024-06-10 14:31:55,sgarcia30,Paciente,PAGO_REGISTRADO,Factura,ID-03620,Operacion registrada automaticamente
2024-06-11 14:20:57,daguilar65,Medico,HISTORIAL_ENTRADA,Historial,ID-00157,Operacion registrada automaticamente
2024-06-12 09:02:03,lmendez23,Paciente,CITA_CANCELADA,Cita,ID-00622,Operacion registrada automaticamente
2024-06-12 10:58:35,arivera19,Paciente,PAGO_REGISTRADO,Factura,ID-08324,Operacion registrada automaticamente
2024-06-12 11:04:38,ivargas7,Paciente,LOGIN_OK,Usuario,ID-03914,Operacion registrada automaticamente
2024-06-12 11:38:05,mruiz18,Paciente,HISTORIAL_CONSULTA,Historial,ID-08588,Operacion registrada automaticamente
2024-06-12 13:47:50,admin,Administrador,FACTURA_EMITIDA,Factura,ID-04548,Operacion registrada automaticamente
2024-06-12 14:25:49,achavez21,Paciente,CITA_CANCELADA,Cita,ID-02854,Operacion registrada automaticamente
2024-06-12 14:59:56,sbenitez39,Paciente,CITA_CREADA,Cita,ID-02952,Operacion registrada automaticamente
2024-06-12 17:44:06,dcerda73,Medico,RECETA_EMITIDA,Receta,ID-04816,Operacion registrada automaticamente
2024-06-13 08:48:59,pbenitez40,Paciente,HISTORIAL_CONSULTA,Historial,ID-06497,Operacion registrada automaticamente
2024-06-13 13:54:21,mtorres75,Paciente,CITA_CANCELADA,Cita,ID-06227,Operacion registrada automaticamente
2024-06-13 14:37:48,evega12,Paciente,CITA_CANCELADA,Cita,ID-07494,Operacion registrada automaticamente
2024-06-14 08:37:26,rchavez14,Paciente,LOGIN_OK,Usuario,ID-07505,Operacion registrada automaticamente
2024-06-14 12:40:28,eguzman16,Paciente,CITA_CANCELADA,Cita,ID-09391,Operacion registrada automaticamente
2024-06-14 14:47:14,admin,Administrador,FACTURA_EMITIDA,Factura,ID-00125,Operacion registrada automaticamente
2024-06-14 15:52:26,dtapuy74,Medico,HISTORIAL_ENTRADA,Historial,ID-03425,Operacion registrada automaticamente
2024-06-15 13:23:53,admin,Administrador,BUSQUEDA,Global,ID-03111,Operacion registrada automaticamente
2024-06-15 14:38:12,admin,Administrador,FACTURA_EMITIDA,Factura,ID-04455,Operacion registrada automaticamente
2024-06-16 14:01:54,dherrera77,Medico,HISTORIAL_ENTRADA,Historial,ID-08433,Operacion registrada automaticamente
2024-06-17 08:39:59,admin,Administrador,BUSQUEDA,Global,ID-06830,Operacion registrada automaticamente
2024-06-17 11:09:08,cespinoza44,Paciente,CITA_CREADA,Cita,ID-04434,Operacion registrada automaticamente
2024-06-17 11:09:46,admin,Administrador,BUSQUEDA,Global,ID-08894,Operacion registrada automaticamente
2024-06-17 11:23:28,mcastillo22,Paciente,LOGIN_OK,Usuario,ID-09274,Operacion registrada automaticamente
2024-06-17 13:03:15,dreyes79,Medico,HISTORIAL_ENTRADA,Historial,ID-00521,Operacion registrada automaticamente
2024-06-17 14:21:21,storres26,Paciente,HISTORIAL_CONSULTA,Historial,ID-07706,Operacion registrada automaticamente
2024-06-17 16:18:37,hherrera16,Paciente,CITA_CANCELADA,Cita,ID-02648,Operacion registrada automaticamente
2024-06-17 17:40:26,dalvarado78,Medico,HISTORIAL_ENTRADA,Historial,ID-07367,Operacion registrada automaticamente
2024-06-19 11:20:47,admin,Administrador,BUSQUEDA,Global,ID-00467,Operacion registrada automaticamente
2024-06-19 14:59:21,cmartinez31,Paciente,HISTORIAL_CONSULTA,Historial,ID-03878,Operacion registrada automaticamente
2024-06-19 16:12:09,dlopez75,Medico,HISTORIAL_ENTRADA,Historial,ID-03581,Operacion registrada automaticamente
2024-06-20 09:53:39,ecastillo21,Paciente,CITA_COMPLETADA,Cita,ID-05766,Operacion registrada automaticamente
2024-06-20 13:34:47,rreyes3,Paciente,PAGO_REGISTRADO,Factura,ID-00652,Operacion registrada automaticamente
2024-06-21 09:11:10,admin,Administrador,BUSQUEDA,Global,ID-03326,Operacion registrada automaticamente
2024-06-21 15:30:18,rherrera4,Paciente,HISTORIAL_CONSULTA,Historial,ID-08465,Operacion registrada automaticamente
2024-06-22 09:40:10,admin,Administrador,BUSQUEDA,Global,ID-08811,Operacion registrada automaticamente
2024-06-22 10:47:07,caguilar20,Paciente,HISTORIAL_CONSULTA,Historial,ID-07317,Operacion registrada automaticamente
2024-06-22 13:16:55,ochavez12,Paciente,CITA_CREADA,Cita,ID-05814,Operacion registrada automaticamente
2024-06-22 15:01:25,cespinoza44,Paciente,CITA_COMPLETADA,Cita,ID-06133,Operacion registrada automaticamente
2024-06-23 14:46:19,admin,Administrador,BUSQUEDA,Global,ID-01268,Operacion registrada automaticamente
2024-06-23 17:59:15,admin,Administrador,FACTURA_EMITIDA,Factura,ID-06702,Operacion registrada automaticamente
2024-06-24 09:14:20,abenitez35,Paciente,CITA_CANCELADA,Cita,ID-05413,Operacion registrada automaticamente
2024-06-24 09:23:31,mgomez29,Paciente,PAGO_REGISTRADO,Factura,ID-07583,Operacion registrada automaticamente
2024-06-24 13:53:18,dperez75,Medico,RECETA_EMITIDA,Receta,ID-01465,Operacion registrada automaticamente
2024-06-26 08:20:52,dgrefa78,Medico,RECETA_EMITIDA,Receta,ID-05703,Operacion registrada automaticamente
2024-06-26 08:31:24,vguzman15,Paciente,LOGIN_OK,Usuario,ID-01300,Operacion registrada automaticamente
2024-06-26 09:04:09,cchavez28,Paciente,CITA_CANCELADA,Cita,ID-08037,Operacion registrada automaticamente
2024-06-26 11:44:55,dfigueroa79,Medico,HISTORIAL_ENTRADA,Historial,ID-00270,Operacion registrada automaticamente
2024-06-26 16:44:13,lmendez24,Paciente,PAGO_REGISTRADO,Factura,ID-05956,Operacion registrada automaticamente
2024-06-27 14:49:31,dramirez79,Medico,RECETA_EMITIDA,Receta,ID-03059,Operacion registrada automaticamente
2024-06-27 16:05:30,lvargas8,Paciente,CITA_CREADA,Cita,ID-02614,Operacion registrada automaticamente
2024-06-27 16:38:51,despinoza7,Paciente,CITA_CANCELADA,Cita,ID-02962,Operacion registrada automaticamente
2024-06-27 17:22:40,daguilar10,Paciente,CITA_COMPLETADA,Cita,ID-04728,Operacion registrada automaticamente
2024-06-28 10:37:19,mromero75,Paciente,HISTORIAL_CONSULTA,Historial,ID-01440,Operacion registrada automaticamente
2024-06-28 11:14:25,admin,Administrador,BUSQUEDA,Global,ID-02780,Operacion registrada automaticamente
2024-06-28 15:41:08,itorres12,Paciente,HISTORIAL_CONSULTA,Historial,ID-04482,Operacion registrada automaticamente
2024-06-30 14:15:42,ddiaz60,Medico,HISTORIAL_ENTRADA,Historial,ID-00465,Operacion registrada automaticamente
2024-06-30 14:53:25,ashiguango56,Paciente,CITA_COMPLETADA,Cita,ID-05906,Operacion registrada automaticamente
2024-06-30 17:16:06,dflores64,Medico,RECETA_EMITIDA,Receta,ID-00637,Operacion registrada automaticamente
2024-07-01 11:08:08,admin,Administrador,FACTURA_EMITIDA,Factura,ID-03687,Operacion registrada automaticamente
2024-07-01 14:21:38,rguzman42,Paciente,HISTORIAL_CONSULTA,Historial,ID-04629,Operacion registrada automaticamente
2024-07-01 15:23:00,bmartinez3,Paciente,HISTORIAL_CONSULTA,Historial,ID-02205,Operacion registrada automaticamente
2024-07-02 08:02:28,admin,Administrador,BUSQUEDA,Global,ID-00462,Operacion registrada automaticamente
2024-07-02 12:55:14,malvarado21,Paciente,CITA_CANCELADA,Cita,ID-08674,Operacion registrada automaticamente
2024-07-03 13:52:40,lromero40,Paciente,HISTORIAL_CONSULTA,Historial,ID-03817,Operacion registrada automaticamente
2024-07-03 17:19:03,dcerda76,Medico,HISTORIAL_ENTRADA,Historial,ID-08684,Operacion registrada automaticamente
2024-07-05 10:41:35,fchavez22,Paciente,HISTORIAL_CONSULTA,Historial,ID-04252,Operacion registrada automaticamente
2024-07-05 17:24:01,frodriguez13,Paciente,HISTORIAL_CONSULTA,Historial,ID-02848,Operacion registrada automaticamente
2024-07-06 10:08:57,dgrefa78,Medico,RECETA_EMITIDA,Receta,ID-00642,Operacion registrada automaticamente
2024-07-06 10:34:43,ashiguango56,Paciente,LOGIN_OK,Usuario,ID-06933,Operacion registrada automaticamente
2024-07-06 12:17:49,ashiguango56,Paciente,CITA_CANCELADA,Cita,ID-02730,Operacion registrada automaticamente
2024-07-06 16:11:18,caguilar61,Paciente,CITA_CANCELADA,Cita,ID-02735,Operacion registrada automaticamente
2024-07-07 08:20:23,bmartinez3,Paciente,CITA_COMPLETADA,Cita,ID-09119,Operacion registrada automaticamente
2024-07-07 16:59:06,dperez75,Medico,HISTORIAL_ENTRADA,Historial,ID-01108,Operacion registrada automaticamente
2024-07-08 16:09:42,mcastillo22,Paciente,CITA_CREADA,Cita,ID-02192,Operacion registrada automaticamente
2024-07-08 16:58:16,pjimenez11,Paciente,LOGIN_OK,Usuario,ID-07192,Operacion registrada automaticamente
2024-07-09 11:41:54,sbenitez39,Paciente,CITA_CANCELADA,Cita,ID-02487,Operacion registrada automaticamente
2024-07-09 12:41:00,dguzman71,Medico,HISTORIAL_ENTRADA,Historial,ID-00676,Operacion registrada automaticamente
2024-07-09 17:56:09,lgonzalez33,Paciente,CITA_CREADA,Cita,ID-09572,Operacion registrada automaticamente
2024-07-10 08:22:05,saguilar42,Paciente,LOGIN_OK,Usuario,ID-05415,Operacion registrada automaticamente
2024-07-10 12:29:51,mgonzalez53,Paciente,CITA_COMPLETADA,Cita,ID-00224,Operacion registrada automaticamente
2024-07-10 16:35:32,admin,Administrador,BUSQUEDA,Global,ID-06341,Operacion registrada automaticamente
2024-07-11 10:49:15,admin,Administrador,FACTURA_EMITIDA,Factura,ID-01245,Operacion registrada automaticamente
2024-07-11 14:05:56,dshiguango9,Paciente,HISTORIAL_CONSULTA,Historial,ID-05109,Operacion registrada automaticamente
2024-07-11 15:48:24,promero13,Paciente,CITA_CANCELADA,Cita,ID-01652,Operacion registrada automaticamente
2024-07-11 16:07:58,sgarcia30,Paciente,CITA_CREADA,Cita,ID-02939,Operacion registrada automaticamente
2024-07-13 08:44:25,admin,Administrador,BUSQUEDA,Global,ID-00625,Operacion registrada automaticamente
2024-07-13 10:50:15,jramos10,Paciente,PAGO_REGISTRADO,Factura,ID-07213,Operacion registrada automaticamente
2024-07-13 11:29:22,dherrera51,Paciente,CITA_CREADA,Cita,ID-05618,Operacion registrada automaticamente
2024-07-13 14:29:02,admin,Administrador,BUSQUEDA,Global,ID-06001,Operacion registrada automaticamente
2024-07-13 15:36:48,glopez20,Paciente,CITA_CANCELADA,Cita,ID-06240,Operacion registrada automaticamente
2024-07-13 16:21:46,dflores57,Medico,RECETA_EMITIDA,Receta,ID-02250,Operacion registrada automaticamente
2024-07-13 17:08:56,dgomez73,Medico,RECETA_EMITIDA,Receta,ID-04974,Operacion registrada automaticamente
2024-07-14 11:42:05,admin,Administrador,BUSQUEDA,Global,ID-03208,Operacion registrada automaticamente
2024-07-14 15:07:02,admin,Administrador,FACTURA_EMITIDA,Factura,ID-06110,Operacion registrada automaticamente
2024-07-15 08:13:24,admin,Administrador,FACTURA_EMITIDA,Factura,ID-04269,Operacion registrada automaticamente
2024-07-15 15:28:03,admin,Administrador,BUSQUEDA,Global,ID-05510,Operacion registrada automaticamente
2024-07-16 09:11:59,dchavez62,Medico,RECETA_EMITIDA,Receta,ID-09378,Operacion registrada automaticamente
2024-07-16 10:05:30,dramirez79,Medico,RECETA_EMITIDA,Receta,ID-00903,Operacion registrada automaticamente
2024-07-16 12:39:45,vsanchez3,Paciente,CITA_CANCELADA,Cita,ID-06514,Operacion registrada automaticamente
2024-07-16 12:47:52,dchavez62,Medico,HISTORIAL_ENTRADA,Historial,ID-01722,Operacion registrada automaticamente
2024-07-17 08:44:32,admin,Administrador,FACTURA_EMITIDA,Factura,ID-08733,Operacion registrada automaticamente
2024-07-17 10:44:11,vchavez25,Paciente,CITA_CREADA,Cita,ID-05007,Operacion registrada automaticamente
2024-07-17 15:15:29,hgonzalez6,Paciente,HISTORIAL_CONSULTA,Historial,ID-04736,Operacion registrada automaticamente
2024-07-18 09:44:27,admin,Administrador,BUSQUEDA,Global,ID-09525,Operacion registrada automaticamente
2024-07-19 08:15:36,dtapuy74,Medico,RECETA_EMITIDA,Receta,ID-04142,Operacion registrada automaticamente
2024-07-19 09:40:54,rguzman42,Paciente,LOGIN_OK,Usuario,ID-02910,Operacion registrada automaticamente
2024-07-19 11:44:15,admin,Administrador,BUSQUEDA,Global,ID-03445,Operacion registrada automaticamente
2024-07-19 14:03:50,vcastro19,Paciente,PAGO_REGISTRADO,Factura,ID-04773,Operacion registrada automaticamente
2024-07-19 15:03:50,dalvarado78,Medico,HISTORIAL_ENTRADA,Historial,ID-02141,Operacion registrada automaticamente
2024-07-19 16:42:48,rguzman42,Paciente,CITA_COMPLETADA,Cita,ID-00952,Operacion registrada automaticamente
2024-07-20 09:14:41,mromero75,Paciente,CITA_COMPLETADA,Cita,ID-07308,Operacion registrada automaticamente
2024-07-20 15:10:14,sespinoza15,Paciente,LOGIN_OK,Usuario,ID-04288,Operacion registrada automaticamente
2024-07-20 17:32:22,vcastro19,Paciente,PAGO_REGISTRADO,Factura,ID-03105,Operacion registrada automaticamente
2024-07-21 10:40:15,dsanchez56,Medico,HISTORIAL_ENTRADA,Historial,ID-03011,Operacion registrada automaticamente
2024-07-21 12:09:55,cflores49,Paciente,CITA_COMPLETADA,Cita,ID-05348,Operacion registrada automaticamente
2024-07-21 14:20:15,dsanchez56,Medico,HISTORIAL_ENTRADA,Historial,ID-00273,Operacion registrada automaticamente
2024-07-22 15:51:51,admin,Administrador,BUSQUEDA,Global,ID-06090,Operacion registrada automaticamente
2024-07-22 17:17:52,dperez55,Paciente,CITA_COMPLETADA,Cita,ID-02551,Operacion registrada automaticamente
2024-07-24 10:15:29,rcruz46,Paciente,CITA_CREADA,Cita,ID-08891,Operacion registrada automaticamente
2024-07-24 13:59:16,dguzman71,Medico,HISTORIAL_ENTRADA,Historial,ID-09993,Operacion registrada automaticamente
2024-07-24 17:02:46,admin,Administrador,FACTURA_EMITIDA,Factura,ID-02482,Operacion registrada automaticamente
2024-07-24 17:38:19,fmendez37,Paciente,PAGO_REGISTRADO,Factura,ID-03919,Operacion registrada automaticamente
2024-07-26 11:46:49,bmendez4,Paciente,LOGIN_OK,Usuario,ID-05016,Operacion registrada automaticamente
2024-07-26 16:42:42,vfigueroa39,Paciente,CITA_CREADA,Cita,ID-06617,Operacion registrada automaticamente
2024-07-26 17:50:11,djimenez10,Paciente,CITA_COMPLETADA,Cita,ID-01001,Operacion registrada automaticamente
2024-07-27 12:41:38,lfigueroa22,Paciente,HISTORIAL_CONSULTA,Historial,ID-00468,Operacion registrada automaticamente
2024-07-27 13:53:40,vchavez25,Paciente,CITA_CREADA,Cita,ID-02971,Operacion registrada automaticamente
2024-07-27 16:43:26,dcerda76,Medico,HISTORIAL_ENTRADA,Historial,ID-07687,Operacion registrada automaticamente
2024-07-28 14:50:12,ecastillo21,Paciente,PAGO_REGISTRADO,Factura,ID-08835,Operacion registrada automaticamente
2024-07-30 08:52:14,dramirez79,Medico,RECETA_EMITIDA,Receta,ID-00636,Operacion registrada automaticamente
2024-07-30 11:15:56,dlopez75,Medico,HISTORIAL_ENTRADA,Historial,ID-09115,Operacion registrada automaticamente
2024-07-30 11:47:52,dvargas58,Medico,RECETA_EMITIDA,Receta,ID-01863,Operacion registrada automaticamente
2024-07-30 12:22:07,ogrefa8,Paciente,PAGO_REGISTRADO,Factura,ID-03118,Operacion registrada automaticamente
2024-07-31 10:39:09,abenitez35,Paciente,LOGIN_OK,Usuario,ID-06938,Operacion registrada automaticamente
2024-07-31 11:41:26,dgarcia71,Medico,HISTORIAL_ENTRADA,Historial,ID-00001,Operacion registrada automaticamente
2024-07-31 17:19:18,admin,Administrador,BUSQUEDA,Global,ID-02077,Operacion registrada automaticamente
2024-08-01 10:19:44,admin,Administrador,FACTURA_EMITIDA,Factura,ID-04206,Operacion registrada automaticamente
2024-08-02 10:03:51,admin,Administrador,FACTURA_EMITIDA,Factura,ID-04808,Operacion registrada automaticamente
2024-08-02 12:44:33,lramos4,Paciente,CITA_COMPLETADA,Cita,ID-08100,Operacion registrada automaticamente
2024-08-03 10:25:01,dgonzalez56,Paciente,PAGO_REGISTRADO,Factura,ID-04705,Operacion registrada automaticamente
2024-08-03 15:32:22,dramirez79,Medico,RECETA_EMITIDA,Receta,ID-04679,Operacion registrada automaticamente
2024-08-03 16:31:42,mcerda62,Paciente,LOGIN_OK,Usuario,ID-00614,Operacion registrada automaticamente
2024-08-04 10:51:59,druiz67,Medico,RECETA_EMITIDA,Receta,ID-00266,Operacion registrada automaticamente
2024-08-04 11:32:11,nvargas,Paciente,LOGIN_OK,Usuario,ID-02807,Operacion registrada automaticamente
2024-08-05 08:10:25,mramos43,Paciente,PAGO_REGISTRADO,Factura,ID-00655,Operacion registrada automaticamente
2024-08-05 09:04:06,dmorales65,Medico,RECETA_EMITIDA,Receta,ID-00466,Operacion registrada automaticamente
2024-08-05 09:44:28,admin,Administrador,FACTURA_EMITIDA,Factura,ID-09737,Operacion registrada automaticamente
2024-08-05 15:48:05,aperez3,Paciente,HISTORIAL_CONSULTA,Historial,ID-08753,Operacion registrada automaticamente
2024-08-05 16:02:29,ddiaz60,Medico,HISTORIAL_ENTRADA,Historial,ID-08282,Operacion registrada automaticamente
2024-08-05 17:51:35,fgrefa18,Paciente,CITA_COMPLETADA,Cita,ID-02581,Operacion registrada automaticamente
2024-08-06 10:21:34,admin,Administrador,BUSQUEDA,Global,ID-03207,Operacion registrada automaticamente
2024-08-06 12:49:37,hcaceres10,Paciente,CITA_CREADA,Cita,ID-00904,Operacion registrada automaticamente
2024-08-07 12:05:25,sespinoza15,Paciente,CITA_COMPLETADA,Cita,ID-03240,Operacion registrada automaticamente
2024-08-07 15:45:17,tespinoza2,Paciente,CITA_CANCELADA,Cita,ID-09509,Operacion registrada automaticamente
2024-08-08 10:11:35,malvarado21,Paciente,CITA_CREADA,Cita,ID-02380,Operacion registrada automaticamente
2024-08-08 16:34:54,vrivera5,Paciente,HISTORIAL_CONSULTA,Historial,ID-06746,Operacion registrada automaticamente
2024-08-09 08:11:09,nvargas,Paciente,HISTORIAL_CONSULTA,Historial,ID-02372,Operacion registrada automaticamente
2024-08-09 11:01:33,admin,Administrador,FACTURA_EMITIDA,Factura,ID-03002,Operacion registrada automaticamente
2024-08-09 11:08:15,admin,Administrador,BUSQUEDA,Global,ID-00554,Operacion registrada automaticamente
2024-08-09 11:49:46,mreyes47,Paciente,CITA_CANCELADA,Cita,ID-04800,Operacion registrada automaticamente
2024-08-09 13:29:36,admin,Administrador,BUSQUEDA,Global,ID-04048,Operacion registrada automaticamente
2024-08-10 09:06:27,fgrefa18,Paciente,CITA_CANCELADA,Cita,ID-07474,Operacion registrada automaticamente
2024-08-10 12:56:45,vespinoza8,Paciente,CITA_CREADA,Cita,ID-05862,Operacion registrada automaticamente
2024-08-10 14:18:54,aortega68,Paciente,PAGO_REGISTRADO,Factura,ID-00750,Operacion registrada automaticamente
2024-08-10 15:27:02,dgrefa64,Medico,HISTORIAL_ENTRADA,Historial,ID-06332,Operacion registrada automaticamente
2024-08-10 16:33:15,sgarcia4,Paciente,CITA_CREADA,Cita,ID-00857,Operacion registrada automaticamente
2024-08-10 17:13:28,druiz67,Medico,HISTORIAL_ENTRADA,Historial,ID-00324,Operacion registrada automaticamente
2024-08-12 08:22:34,acastillo36,Paciente,PAGO_REGISTRADO,Factura,ID-01565,Operacion registrada automaticamente
2024-08-12 11:05:55,ccastillo12,Paciente,LOGIN_OK,Usuario,ID-03090,Operacion registrada automaticamente
2024-08-12 12:46:33,admin,Administrador,FACTURA_EMITIDA,Factura,ID-06470,Operacion registrada automaticamente
2024-08-12 14:00:02,admin,Administrador,FACTURA_EMITIDA,Factura,ID-07094,Operacion registrada automaticamente
2024-08-12 14:23:12,rreyes27,Paciente,LOGIN_OK,Usuario,ID-09819,Operacion registrada automaticamente
2024-08-12 17:05:00,dtapuy74,Medico,HISTORIAL_ENTRADA,Historial,ID-08237,Operacion registrada automaticamente
2024-08-12 17:26:47,sbenitez4,Paciente,LOGIN_OK,Usuario,ID-00045,Operacion registrada automaticamente
2024-08-12 17:32:28,admin,Administrador,FACTURA_EMITIDA,Factura,ID-05441,Operacion registrada automaticamente
2024-08-13 08:19:29,dperez55,Paciente,LOGIN_OK,Usuario,ID-00653,Operacion registrada automaticamente
2024-08-13 09:20:47,dortega43,Paciente,PAGO_REGISTRADO,Factura,ID-07456,Operacion registrada automaticamente
2024-08-13 09:45:59,admin,Administrador,BUSQUEDA,Global,ID-00992,Operacion registrada automaticamente
2024-08-13 11:12:02,ftapuy41,Paciente,PAGO_REGISTRADO,Factura,ID-05434,Operacion registrada automaticamente
2024-08-13 16:47:50,fcruz20,Paciente,HISTORIAL_CONSULTA,Historial,ID-04237,Operacion registrada automaticamente
2024-08-14 12:46:59,iperez7,Paciente,CITA_COMPLETADA,Cita,ID-02611,Operacion registrada automaticamente
2024-08-15 09:08:08,ashiguango56,Paciente,CITA_CREADA,Cita,ID-04367,Operacion registrada automaticamente
2024-08-15 12:43:08,cflores49,Paciente,CITA_CREADA,Cita,ID-00267,Operacion registrada automaticamente
2024-08-15 17:31:25,mreyes47,Paciente,LOGIN_OK,Usuario,ID-02890,Operacion registrada automaticamente
2024-08-16 08:11:49,saguilar42,Paciente,CITA_CREADA,Cita,ID-03276,Operacion registrada automaticamente
2024-08-16 11:50:06,fgomez3,Paciente,CITA_CREADA,Cita,ID-06848,Operacion registrada automaticamente
2024-08-16 12:50:19,agarcia28,Paciente,CITA_CREADA,Cita,ID-05586,Operacion registrada automaticamente
2024-08-16 17:48:49,dcerda76,Medico,RECETA_EMITIDA,Receta,ID-07584,Operacion registrada automaticamente
2024-08-17 09:17:58,jramos10,Paciente,LOGIN_OK,Usuario,ID-04569,Operacion registrada automaticamente
2024-08-17 11:20:40,dperez69,Medico,RECETA_EMITIDA,Receta,ID-06496,Operacion registrada automaticamente
2024-08-17 16:36:44,admin,Administrador,BUSQUEDA,Global,ID-08840,Operacion registrada automaticamente
2024-08-18 13:07:19,pjimenez11,Paciente,CITA_COMPLETADA,Cita,ID-06677,Operacion registrada automaticamente
2024-08-18 16:11:44,hcaceres2,Paciente,CITA_CANCELADA,Cita,ID-01768,Operacion registrada automaticamente
2024-08-18 16:45:49,admin,Administrador,FACTURA_EMITIDA,Factura,ID-00101,Operacion registrada automaticamente
2024-08-19 17:43:37,mortega9,Paciente,CITA_CANCELADA,Cita,ID-05247,Operacion registrada automaticamente
2024-08-20 12:47:00,aperez3,Paciente,HISTORIAL_CONSULTA,Historial,ID-04331,Operacion registrada automaticamente
2024-08-21 08:54:02,dperez69,Medico,HISTORIAL_ENTRADA,Historial,ID-09295,Operacion registrada automaticamente
2024-08-21 14:42:57,mreyes47,Paciente,HISTORIAL_CONSULTA,Historial,ID-04730,Operacion registrada automaticamente
2024-08-21 14:52:35,mcerda62,Paciente,CITA_CREADA,Cita,ID-01338,Operacion registrada automaticamente
2024-08-21 17:13:32,mchavez33,Paciente,PAGO_REGISTRADO,Factura,ID-04909,Operacion registrada automaticamente
2024-08-21 17:16:32,portega29,Paciente,CITA_COMPLETADA,Cita,ID-02096,Operacion registrada automaticamente
2024-08-22 12:54:17,dsanchez62,Medico,RECETA_EMITIDA,Receta,ID-00157,Operacion registrada automaticamente
2024-08-22 13:40:23,mcerda15,Paciente,HISTORIAL_CONSULTA,Historial,ID-09043,Operacion registrada automaticamente
2024-08-22 15:51:10,rperez32,Paciente,LOGIN_OK,Usuario,ID-08670,Operacion registrada automaticamente
2024-08-23 11:35:53,agrefa27,Paciente,CITA_CANCELADA,Cita,ID-01109,Operacion registrada automaticamente
2024-08-23 15:29:34,mdiaz54,Paciente,CITA_CREADA,Cita,ID-09618,Operacion registrada automaticamente
2024-08-23 16:08:50,abenitez35,Paciente,CITA_CREADA,Cita,ID-09310,Operacion registrada automaticamente
2024-08-24 14:42:51,dgomez73,Medico,RECETA_EMITIDA,Receta,ID-09197,Operacion registrada automaticamente
2024-08-25 08:28:31,despinoza7,Paciente,PAGO_REGISTRADO,Factura,ID-06333,Operacion registrada automaticamente
2024-08-25 10:16:05,admin,Administrador,BUSQUEDA,Global,ID-05080,Operacion registrada automaticamente
2024-08-25 15:58:35,fcastro23,Paciente,CITA_CANCELADA,Cita,ID-04219,Operacion registrada automaticamente
2024-08-26 10:16:29,frodriguez13,Paciente,CITA_CANCELADA,Cita,ID-03778,Operacion registrada automaticamente
2024-08-26 12:18:28,dramirez77,Medico,HISTORIAL_ENTRADA,Historial,ID-01015,Operacion registrada automaticamente
2024-08-26 17:13:16,hcaceres2,Paciente,CITA_CREADA,Cita,ID-08855,Operacion registrada automaticamente
2024-08-27 09:17:17,mromero46,Paciente,CITA_CREADA,Cita,ID-07344,Operacion registrada automaticamente
2024-08-28 15:04:33,druiz67,Medico,RECETA_EMITIDA,Receta,ID-06993,Operacion registrada automaticamente
2024-08-28 17:08:33,lguzman23,Paciente,HISTORIAL_CONSULTA,Historial,ID-02774,Operacion registrada automaticamente
2024-08-29 10:41:57,admin,Administrador,BUSQUEDA,Global,ID-07898,Operacion registrada automaticamente
2024-08-29 16:11:29,lramos4,Paciente,PAGO_REGISTRADO,Factura,ID-08048,Operacion registrada automaticamente
2024-08-29 17:58:43,mdiaz54,Paciente,PAGO_REGISTRADO,Factura,ID-04685,Operacion registrada automaticamente
2024-08-30 08:14:26,vcaceres2,Paciente,LOGIN_OK,Usuario,ID-08582,Operacion registrada automaticamente
2024-08-30 08:17:40,vespinoza8,Paciente,LOGIN_OK,Usuario,ID-00439,Operacion registrada automaticamente
2024-08-31 09:36:08,rreyes3,Paciente,PAGO_REGISTRADO,Factura,ID-07736,Operacion registrada automaticamente
2024-08-31 10:13:09,dherrera51,Paciente,HISTORIAL_CONSULTA,Historial,ID-08485,Operacion registrada automaticamente
2024-08-31 11:24:57,dflores55,Medico,HISTORIAL_ENTRADA,Historial,ID-01335,Operacion registrada automaticamente
2024-08-31 12:41:18,druiz61,Medico,RECETA_EMITIDA,Receta,ID-04056,Operacion registrada automaticamente
2024-08-31 14:56:02,sgarcia52,Paciente,HISTORIAL_CONSULTA,Historial,ID-01791,Operacion registrada automaticamente
2024-08-31 15:00:12,dcaceres67,Medico,RECETA_EMITIDA,Receta,ID-05978,Operacion registrada automaticamente
2024-08-31 15:25:30,vespinoza8,Paciente,LOGIN_OK,Usuario,ID-07459,Operacion registrada automaticamente
2024-09-01 08:23:58,mramos43,Paciente,LOGIN_OK,Usuario,ID-05047,Operacion registrada automaticamente
2024-09-01 09:14:02,hjimenez5,Paciente,CITA_CANCELADA,Cita,ID-07235,Operacion registrada automaticamente
2024-09-01 10:22:54,admin,Administrador,FACTURA_EMITIDA,Factura,ID-01087,Operacion registrada automaticamente
2024-09-01 13:23:25,jramos10,Paciente,PAGO_REGISTRADO,Factura,ID-06645,Operacion registrada automaticamente
2024-09-01 14:40:15,evega12,Paciente,CITA_COMPLETADA,Cita,ID-09398,Operacion registrada automaticamente
2024-09-02 10:28:09,dherrera66,Medico,RECETA_EMITIDA,Receta,ID-05038,Operacion registrada automaticamente
2024-09-03 12:33:37,calvarado17,Paciente,CITA_COMPLETADA,Cita,ID-09711,Operacion registrada automaticamente
2024-09-03 14:39:23,iperez7,Paciente,CITA_CREADA,Cita,ID-03043,Operacion registrada automaticamente
2024-09-04 10:32:40,admin,Administrador,FACTURA_EMITIDA,Factura,ID-08103,Operacion registrada automaticamente
2024-09-05 16:41:32,ivargas7,Paciente,CITA_CREADA,Cita,ID-05953,Operacion registrada automaticamente
2024-09-05 16:52:18,admin,Administrador,BUSQUEDA,Global,ID-05966,Operacion registrada automaticamente
2024-09-05 17:34:05,vespinoza8,Paciente,HISTORIAL_CONSULTA,Historial,ID-05192,Operacion registrada automaticamente
2024-09-06 11:52:40,bmendez4,Paciente,CITA_CANCELADA,Cita,ID-06448,Operacion registrada automaticamente
2024-09-06 13:08:17,bfigueroa6,Paciente,PAGO_REGISTRADO,Factura,ID-00480,Operacion registrada automaticamente
2024-09-06 14:55:09,bcruz1,Paciente,CITA_CREADA,Cita,ID-05269,Operacion registrada automaticamente
2024-09-06 17:15:34,admin,Administrador,BUSQUEDA,Global,ID-07601,Operacion registrada automaticamente
2024-09-07 12:58:51,rjimenez63,Paciente,CITA_COMPLETADA,Cita,ID-01711,Operacion registrada automaticamente
2024-09-07 13:26:02,ccerda3,Paciente,PAGO_REGISTRADO,Factura,ID-01086,Operacion registrada automaticamente
2024-09-07 14:42:10,nvargas,Paciente,CITA_CANCELADA,Cita,ID-08114,Operacion registrada automaticamente
2024-09-07 15:58:33,pmedina26,Paciente,PAGO_REGISTRADO,Factura,ID-03304,Operacion registrada automaticamente
2024-09-07 16:40:22,caguilar61,Paciente,CITA_CREADA,Cita,ID-01785,Operacion registrada automaticamente
2024-09-08 10:33:22,sgarcia30,Paciente,PAGO_REGISTRADO,Factura,ID-05147,Operacion registrada automaticamente
2024-09-08 16:46:21,cmartinez31,Paciente,HISTORIAL_CONSULTA,Historial,ID-05846,Operacion registrada automaticamente
2024-09-08 16:50:03,etapuy11,Paciente,PAGO_REGISTRADO,Factura,ID-06160,Operacion registrada automaticamente
2024-09-09 10:05:42,admin,Administrador,FACTURA_EMITIDA,Factura,ID-01551,Operacion registrada automaticamente
2024-09-10 10:59:23,admin,Administrador,BUSQUEDA,Global,ID-05299,Operacion registrada automaticamente
2024-09-10 13:48:11,rguzman42,Paciente,PAGO_REGISTRADO,Factura,ID-06483,Operacion registrada automaticamente
2024-09-10 17:46:16,pgomez57,Paciente,HISTORIAL_CONSULTA,Historial,ID-05997,Operacion registrada automaticamente
2024-09-11 10:39:00,fflores28,Paciente,PAGO_REGISTRADO,Factura,ID-07667,Operacion registrada automaticamente
2024-09-11 12:35:19,vcaceres2,Paciente,CITA_CREADA,Cita,ID-06349,Operacion registrada automaticamente
2024-09-11 15:31:31,ccerda3,Paciente,CITA_CANCELADA,Cita,ID-03875,Operacion registrada automaticamente
2024-09-12 08:01:35,admin,Administrador,FACTURA_EMITIDA,Factura,ID-01851,Operacion registrada automaticamente
2024-09-12 10:26:20,ccastro52,Paciente,CITA_CANCELADA,Cita,ID-08241,Operacion registrada automaticamente
2024-09-12 11:30:46,admin,Administrador,BUSQUEDA,Global,ID-09222,Operacion registrada automaticamente
2024-09-12 14:20:44,sbenitez4,Paciente,PAGO_REGISTRADO,Factura,ID-01394,Operacion registrada automaticamente
2024-09-12 14:24:32,vgonzalez27,Paciente,CITA_CREADA,Cita,ID-02400,Operacion registrada automaticamente
2024-09-12 16:52:37,admin,Administrador,BUSQUEDA,Global,ID-01265,Operacion registrada automaticamente
2024-09-12 17:58:57,admin,Administrador,FACTURA_EMITIDA,Factura,ID-08819,Operacion registrada automaticamente
2024-09-13 16:06:31,lgomez36,Paciente,PAGO_REGISTRADO,Factura,ID-09875,Operacion registrada automaticamente
2024-09-14 11:18:54,iruiz14,Paciente,HISTORIAL_CONSULTA,Historial,ID-04104,Operacion registrada automaticamente
2024-09-14 15:51:05,nromero29,Paciente,PAGO_REGISTRADO,Factura,ID-04052,Operacion registrada automaticamente
2024-09-15 10:03:02,vchavez25,Paciente,CITA_CREADA,Cita,ID-01826,Operacion registrada automaticamente
2024-09-15 11:11:25,vflores13,Paciente,LOGIN_OK,Usuario,ID-06199,Operacion registrada automaticamente
2024-09-15 13:43:03,mgomez29,Paciente,PAGO_REGISTRADO,Factura,ID-09407,Operacion registrada automaticamente
2024-09-15 14:04:48,malvarado21,Paciente,CITA_CANCELADA,Cita,ID-07667,Operacion registrada automaticamente
2024-09-16 10:24:38,mreyes47,Paciente,LOGIN_OK,Usuario,ID-01952,Operacion registrada automaticamente
2024-09-16 11:59:41,smendez48,Paciente,CITA_CREADA,Cita,ID-02778,Operacion registrada automaticamente
2024-09-16 12:08:19,jramos10,Paciente,HISTORIAL_CONSULTA,Historial,ID-04674,Operacion registrada automaticamente
2024-09-16 14:44:32,cflores49,Paciente,HISTORIAL_CONSULTA,Historial,ID-06704,Operacion registrada automaticamente
2024-09-17 12:57:19,lcruz38,Paciente,CITA_CANCELADA,Cita,ID-09142,Operacion registrada automaticamente
2024-09-17 13:35:39,admin,Administrador,BUSQUEDA,Global,ID-05220,Operacion registrada automaticamente
2024-09-17 13:49:03,dromero76,Medico,HISTORIAL_ENTRADA,Historial,ID-06632,Operacion registrada automaticamente
2024-09-17 16:54:57,dramirez79,Medico,RECETA_EMITIDA,Receta,ID-05864,Operacion registrada automaticamente
2024-09-18 16:06:09,sbenitez4,Paciente,LOGIN_OK,Usuario,ID-01970,Operacion registrada automaticamente
2024-09-19 13:20:18,admin,Administrador,BUSQUEDA,Global,ID-07998,Operacion registrada automaticamente
2024-09-19 14:48:51,dherrera73,Medico,RECETA_EMITIDA,Receta,ID-07516,Operacion registrada automaticamente
2024-09-20 08:47:45,vguzman15,Paciente,PAGO_REGISTRADO,Factura,ID-09636,Operacion registrada automaticamente
2024-09-20 10:18:01,pbenitez40,Paciente,HISTORIAL_CONSULTA,Historial,ID-04930,Operacion registrada automaticamente
2024-09-20 15:22:06,dvega73,Medico,HISTORIAL_ENTRADA,Historial,ID-06084,Operacion registrada automaticamente
2024-09-20 17:04:34,vflores13,Paciente,LOGIN_OK,Usuario,ID-01208,Operacion registrada automaticamente
2024-09-21 12:53:53,alopez31,Paciente,PAGO_REGISTRADO,Factura,ID-00276,Operacion registrada automaticamente
2024-09-22 13:33:26,vfigueroa39,Paciente,CITA_COMPLETADA,Cita,ID-04279,Operacion registrada automaticamente
2024-09-22 15:20:17,pherrera20,Paciente,HISTORIAL_CONSULTA,Historial,ID-02258,Operacion registrada automaticamente
2024-09-23 12:04:28,aperez3,Paciente,CITA_CREADA,Cita,ID-04828,Operacion registrada automaticamente
2024-09-23 12:52:40,rjimenez63,Paciente,PAGO_REGISTRADO,Factura,ID-05804,Operacion registrada automaticamente
2024-09-23 15:07:28,fcastro23,Paciente,CITA_CREADA,Cita,ID-02414,Operacion registrada automaticamente
2024-09-25 08:36:27,arodriguez53,Paciente,HISTORIAL_CONSULTA,Historial,ID-00665,Operacion registrada automaticamente
2024-09-25 09:22:15,dromero76,Medico,RECETA_EMITIDA,Receta,ID-06187,Operacion registrada automaticamente
2024-09-25 15:32:56,ctorres71,Paciente,PAGO_REGISTRADO,Factura,ID-06906,Operacion registrada automaticamente
2024-09-26 08:23:39,ecastillo21,Paciente,LOGIN_OK,Usuario,ID-00758,Operacion registrada automaticamente
2024-09-26 14:05:42,dcruz76,Medico,HISTORIAL_ENTRADA,Historial,ID-07947,Operacion registrada automaticamente
2024-09-26 17:24:40,eherrera4,Paciente,PAGO_REGISTRADO,Factura,ID-03380,Operacion registrada automaticamente
2024-09-28 16:22:13,bmendez4,Paciente,LOGIN_OK,Usuario,ID-05675,Operacion registrada automaticamente
2024-09-28 16:43:43,admin,Administrador,BUSQUEDA,Global,ID-02366,Operacion registrada automaticamente
2024-09-29 10:24:36,admin,Administrador,BUSQUEDA,Global,ID-04943,Operacion registrada automaticamente
2024-09-29 16:54:29,dtapuy71,Medico,HISTORIAL_ENTRADA,Historial,ID-09620,Operacion registrada automaticamente
2024-09-30 08:57:59,vchavez25,Paciente,CITA_COMPLETADA,Cita,ID-06880,Operacion registrada automaticamente
2024-09-30 11:45:42,dramirez76,Medico,RECETA_EMITIDA,Receta,ID-02450,Operacion registrada automaticamente
2024-09-30 13:14:50,dreyes79,Medico,RECETA_EMITIDA,Receta,ID-08389,Operacion registrada automaticamente
2024-09-30 14:18:01,ljimenez22,Paciente,LOGIN_OK,Usuario,ID-00433,Operacion registrada automaticamente
2024-09-30 14:46:28,druiz71,Medico,HISTORIAL_ENTRADA,Historial,ID-08947,Operacion registrada automaticamente
2024-09-30 17:52:44,jramos10,Paciente,LOGIN_OK,Usuario,ID-03066,Operacion registrada automaticamente
2024-10-01 08:39:53,dmartinez60,Medico,RECETA_EMITIDA,Receta,ID-01597,Operacion registrada automaticamente
2024-10-01 16:15:55,admin,Administrador,BUSQUEDA,Global,ID-05916,Operacion registrada automaticamente
2024-10-01 17:55:54,vchavez25,Paciente,LOGIN_OK,Usuario,ID-04068,Operacion registrada automaticamente
2024-10-02 12:59:23,dgrefa64,Medico,HISTORIAL_ENTRADA,Historial,ID-02389,Operacion registrada automaticamente
2024-10-04 09:06:59,admin,Administrador,BUSQUEDA,Global,ID-03899,Operacion registrada automaticamente
2024-10-04 14:54:46,iperez7,Paciente,CITA_COMPLETADA,Cita,ID-05964,Operacion registrada automaticamente
2024-10-04 15:40:16,admin,Administrador,FACTURA_EMITIDA,Factura,ID-06907,Operacion registrada automaticamente
2024-10-04 15:50:31,ccastro52,Paciente,CITA_CREADA,Cita,ID-01218,Operacion registrada automaticamente
2024-10-04 17:53:22,fcruz20,Paciente,PAGO_REGISTRADO,Factura,ID-01889,Operacion registrada automaticamente
2024-10-05 09:25:14,daguilar64,Medico,HISTORIAL_ENTRADA,Historial,ID-00050,Operacion registrada automaticamente
2024-10-06 08:25:37,iperez7,Paciente,CITA_CREADA,Cita,ID-00262,Operacion registrada automaticamente
2024-10-06 09:28:08,drivera21,Paciente,CITA_COMPLETADA,Cita,ID-00068,Operacion registrada automaticamente
2024-10-06 10:05:29,cruiz46,Paciente,CITA_CREADA,Cita,ID-07559,Operacion registrada automaticamente
2024-10-06 13:58:40,dgonzalez56,Paciente,PAGO_REGISTRADO,Factura,ID-06209,Operacion registrada automaticamente
2024-10-06 15:50:39,admin,Administrador,BUSQUEDA,Global,ID-08531,Operacion registrada automaticamente
2024-10-06 16:18:16,dflores55,Medico,RECETA_EMITIDA,Receta,ID-06033,Operacion registrada automaticamente
2024-10-07 17:13:22,admin,Administrador,FACTURA_EMITIDA,Factura,ID-09497,Operacion registrada automaticamente
2024-10-08 08:15:19,eherrera16,Paciente,HISTORIAL_CONSULTA,Historial,ID-06467,Operacion registrada automaticamente
2024-10-08 08:24:41,admin,Administrador,FACTURA_EMITIDA,Factura,ID-03101,Operacion registrada automaticamente
2024-10-08 09:01:26,pcruz29,Paciente,HISTORIAL_CONSULTA,Historial,ID-06161,Operacion registrada automaticamente
2024-10-08 11:35:45,druiz63,Medico,RECETA_EMITIDA,Receta,ID-01435,Operacion registrada automaticamente
2024-10-08 11:42:18,mruiz18,Paciente,CITA_CANCELADA,Cita,ID-07477,Operacion registrada automaticamente
2024-10-08 12:57:24,pgomez57,Paciente,PAGO_REGISTRADO,Factura,ID-08659,Operacion registrada automaticamente
2024-10-08 13:43:08,acaceres12,Paciente,CITA_COMPLETADA,Cita,ID-06550,Operacion registrada automaticamente
2024-10-08 17:42:15,evega12,Paciente,PAGO_REGISTRADO,Factura,ID-09314,Operacion registrada automaticamente
2024-10-09 08:22:11,vespinoza8,Paciente,CITA_COMPLETADA,Cita,ID-09107,Operacion registrada automaticamente
2024-10-09 09:18:58,dherrera77,Medico,HISTORIAL_ENTRADA,Historial,ID-02112,Operacion registrada automaticamente
2024-10-09 10:07:32,hcaceres10,Paciente,CITA_CANCELADA,Cita,ID-03617,Operacion registrada automaticamente
2024-10-09 10:14:34,admin,Administrador,BUSQUEDA,Global,ID-02983,Operacion registrada automaticamente
2024-10-09 10:34:52,lalvarado43,Paciente,PAGO_REGISTRADO,Factura,ID-09197,Operacion registrada automaticamente
2024-10-09 11:44:25,dguzman71,Medico,RECETA_EMITIDA,Receta,ID-05002,Operacion registrada automaticamente
2024-10-10 17:12:44,ngrefa5,Paciente,PAGO_REGISTRADO,Factura,ID-08930,Operacion registrada automaticamente
2024-10-11 17:24:55,dperez38,Paciente,CITA_CREADA,Cita,ID-02451,Operacion registrada automaticamente
2024-10-11 17:58:41,dortega43,Paciente,HISTORIAL_CONSULTA,Historial,ID-04454,Operacion registrada automaticamente
2024-10-12 10:16:49,bmartinez3,Paciente,CITA_COMPLETADA,Cita,ID-02876,Operacion registrada automaticamente
2024-10-12 14:13:30,sromero12,Paciente,LOGIN_OK,Usuario,ID-02890,Operacion registrada automaticamente
2024-10-12 14:42:40,pgomez54,Paciente,HISTORIAL_CONSULTA,Historial,ID-04320,Operacion registrada automaticamente
2024-10-12 15:39:55,admin,Administrador,BUSQUEDA,Global,ID-08078,Operacion registrada automaticamente
2024-10-12 17:03:00,alopez31,Paciente,PAGO_REGISTRADO,Factura,ID-00838,Operacion registrada automaticamente
2024-10-13 09:27:50,valvarado4,Paciente,LOGIN_OK,Usuario,ID-06634,Operacion registrada automaticamente
2024-10-13 09:52:49,admin,Administrador,FACTURA_EMITIDA,Factura,ID-07077,Operacion registrada automaticamente
2024-10-13 11:30:37,lcruz38,Paciente,HISTORIAL_CONSULTA,Historial,ID-02265,Operacion registrada automaticamente
2024-10-13 13:57:29,gperez16,Paciente,CITA_COMPLETADA,Cita,ID-03146,Operacion registrada automaticamente
2024-10-13 14:32:13,dgomez73,Medico,RECETA_EMITIDA,Receta,ID-05248,Operacion registrada automaticamente
2024-10-13 16:33:23,cchavez28,Paciente,LOGIN_OK,Usuario,ID-04023,Operacion registrada automaticamente
2024-10-14 08:24:53,imendez17,Paciente,HISTORIAL_CONSULTA,Historial,ID-05671,Operacion registrada automaticamente
2024-10-14 08:37:16,mgarcia63,Paciente,CITA_CREADA,Cita,ID-00464,Operacion registrada automaticamente
2024-10-14 09:13:15,sgarcia52,Paciente,CITA_COMPLETADA,Cita,ID-00671,Operacion registrada automaticamente
2024-10-14 10:20:22,admin,Administrador,BUSQUEDA,Global,ID-01264,Operacion registrada automaticamente
2024-10-14 13:12:44,pmedina26,Paciente,CITA_COMPLETADA,Cita,ID-00576,Operacion registrada automaticamente
2024-10-14 16:40:29,cchavez28,Paciente,PAGO_REGISTRADO,Factura,ID-07202,Operacion registrada automaticamente
2024-10-15 08:56:51,stapuy18,Paciente,CITA_CANCELADA,Cita,ID-03323,Operacion registrada automaticamente
2024-10-17 09:37:07,druiz67,Medico,RECETA_EMITIDA,Receta,ID-03263,Operacion registrada automaticamente
2024-10-17 10:36:29,admin,Administrador,FACTURA_EMITIDA,Factura,ID-08965,Operacion registrada automaticamente
2024-10-17 15:26:23,admin,Administrador,FACTURA_EMITIDA,Factura,ID-05044,Operacion registrada automaticamente
2024-10-17 15:42:28,rperez32,Paciente,CITA_CANCELADA,Cita,ID-04497,Operacion registrada automaticamente
2024-10-17 17:19:47,dgarcia71,Medico,HISTORIAL_ENTRADA,Historial,ID-03253,Operacion registrada automaticamente
2024-10-18 09:12:49,lromero40,Paciente,HISTORIAL_CONSULTA,Historial,ID-01323,Operacion registrada automaticamente
2024-10-18 10:10:26,iromero17,Paciente,CITA_CANCELADA,Cita,ID-00729,Operacion registrada automaticamente
2024-10-18 11:45:34,sromero12,Paciente,PAGO_REGISTRADO,Factura,ID-08238,Operacion registrada automaticamente
2024-10-19 12:22:30,arodriguez53,Paciente,PAGO_REGISTRADO,Factura,ID-03901,Operacion registrada automaticamente
2024-10-20 14:55:43,dperez38,Paciente,HISTORIAL_CONSULTA,Historial,ID-02406,Operacion registrada automaticamente
2024-10-20 15:15:56,lramos4,Paciente,CITA_CANCELADA,Cita,ID-02401,Operacion registrada automaticamente
2024-10-21 09:25:09,rshiguango25,Paciente,HISTORIAL_CONSULTA,Historial,ID-07783,Operacion registrada automaticamente
2024-10-22 08:28:09,hherrera16,Paciente,CITA_CANCELADA,Cita,ID-03862,Operacion registrada automaticamente
2024-10-22 09:08:35,eherrera4,Paciente,CITA_CREADA,Cita,ID-08211,Operacion registrada automaticamente
2024-10-22 17:52:12,dlopez50,Paciente,PAGO_REGISTRADO,Factura,ID-05828,Operacion registrada automaticamente
2024-10-23 10:03:00,acastro33,Paciente,CITA_COMPLETADA,Cita,ID-03024,Operacion registrada automaticamente
2024-10-23 10:14:28,saguilar42,Paciente,PAGO_REGISTRADO,Factura,ID-06739,Operacion registrada automaticamente
2024-10-23 11:04:31,bmartinez3,Paciente,HISTORIAL_CONSULTA,Historial,ID-01192,Operacion registrada automaticamente
2024-10-24 10:12:02,admin,Administrador,FACTURA_EMITIDA,Factura,ID-06900,Operacion registrada automaticamente
2024-10-24 12:26:13,gguzman9,Paciente,LOGIN_OK,Usuario,ID-05745,Operacion registrada automaticamente
2024-10-24 17:22:30,cbenitez59,Paciente,PAGO_REGISTRADO,Factura,ID-07914,Operacion registrada automaticamente
2024-10-25 08:19:40,aperez3,Paciente,PAGO_REGISTRADO,Factura,ID-05472,Operacion registrada automaticamente
2024-10-25 13:10:55,dgarcia71,Medico,RECETA_EMITIDA,Receta,ID-04471,Operacion registrada automaticamente
2024-10-25 14:04:29,rperez32,Paciente,CITA_COMPLETADA,Cita,ID-09820,Operacion registrada automaticamente
2024-10-25 14:06:04,svargas14,Paciente,PAGO_REGISTRADO,Factura,ID-03171,Operacion registrada automaticamente
2024-10-25 15:11:52,dmendez66,Medico,HISTORIAL_ENTRADA,Historial,ID-00749,Operacion registrada automaticamente
2024-10-25 15:53:47,admin,Administrador,BUSQUEDA,Global,ID-08532,Operacion registrada automaticamente
2024-10-26 09:12:37,admin,Administrador,FACTURA_EMITIDA,Factura,ID-07616,Operacion registrada automaticamente
2024-10-26 14:04:21,promero13,Paciente,PAGO_REGISTRADO,Factura,ID-02515,Operacion registrada automaticamente
2024-10-27 17:59:25,pperez45,Paciente,CITA_COMPLETADA,Cita,ID-09902,Operacion registrada automaticamente
2024-10-28 08:00:42,dchavez54,Medico,HISTORIAL_ENTRADA,Historial,ID-04765,Operacion registrada automaticamente
2024-10-28 08:48:09,lfigueroa22,Paciente,PAGO_REGISTRADO,Factura,ID-05958,Operacion registrada automaticamente
2024-10-28 10:45:43,admin,Administrador,FACTURA_EMITIDA,Factura,ID-08572,Operacion registrada automaticamente
2024-10-28 13:38:27,admin,Administrador,FACTURA_EMITIDA,Factura,ID-03660,Operacion registrada automaticamente
2024-10-28 13:51:03,lcruz38,Paciente,HISTORIAL_CONSULTA,Historial,ID-03798,Operacion registrada automaticamente
2024-10-28 16:57:31,amendez4,Paciente,LOGIN_OK,Usuario,ID-05572,Operacion registrada automaticamente
2024-10-29 11:25:39,glopez20,Paciente,CITA_CANCELADA,Cita,ID-00783,Operacion registrada automaticamente
2024-10-29 12:56:38,caguilar20,Paciente,CITA_COMPLETADA,Cita,ID-00310,Operacion registrada automaticamente
2024-10-30 08:48:55,pcruz29,Paciente,HISTORIAL_CONSULTA,Historial,ID-01645,Operacion registrada automaticamente
2024-10-30 12:41:19,admin,Administrador,BUSQUEDA,Global,ID-00520,Operacion registrada automaticamente
2024-10-30 15:20:02,admin,Administrador,BUSQUEDA,Global,ID-06927,Operacion registrada automaticamente
2024-10-30 16:52:07,fflores28,Paciente,LOGIN_OK,Usuario,ID-06430,Operacion registrada automaticamente
2024-10-31 08:08:43,rjimenez63,Paciente,CITA_CREADA,Cita,ID-08862,Operacion registrada automaticamente
2024-10-31 12:36:26,admin,Administrador,FACTURA_EMITIDA,Factura,ID-01306,Operacion registrada automaticamente
2024-10-31 16:15:26,pbenitez40,Paciente,CITA_CREADA,Cita,ID-09408,Operacion registrada automaticamente
2024-10-31 17:51:07,mcerda15,Paciente,HISTORIAL_CONSULTA,Historial,ID-09297,Operacion registrada automaticamente
2024-11-01 10:17:32,dortega43,Paciente,LOGIN_OK,Usuario,ID-07990,Operacion registrada automaticamente
2024-11-01 10:18:04,admin,Administrador,FACTURA_EMITIDA,Factura,ID-02090,Operacion registrada automaticamente
2024-11-01 11:51:41,dramirez77,Medico,RECETA_EMITIDA,Receta,ID-04881,Operacion registrada automaticamente
2024-11-01 12:04:40,fcruz20,Paciente,PAGO_REGISTRADO,Factura,ID-05008,Operacion registrada automaticamente
2024-11-01 15:53:53,admin,Administrador,FACTURA_EMITIDA,Factura,ID-01501,Operacion registrada automaticamente
2024-11-02 08:11:06,amartinez25,Paciente,CITA_CANCELADA,Cita,ID-04539,Operacion registrada automaticamente
2024-11-02 09:54:08,agarcia28,Paciente,CITA_CREADA,Cita,ID-09796,Operacion registrada automaticamente
2024-11-02 17:40:55,dgarcia71,Medico,HISTORIAL_ENTRADA,Historial,ID-09385,Operacion registrada automaticamente
2024-11-03 13:34:50,egarcia7,Paciente,CITA_CREADA,Cita,ID-02921,Operacion registrada automaticamente
2024-11-03 15:01:38,admin,Administrador,FACTURA_EMITIDA,Factura,ID-00240,Operacion registrada automaticamente
2024-11-04 08:33:19,bmendez4,Paciente,LOGIN_OK,Usuario,ID-08637,Operacion registrada automaticamente
2024-11-04 10:00:47,admin,Administrador,BUSQUEDA,Global,ID-01782,Operacion registrada automaticamente
2024-11-04 12:18:20,mgonzalez53,Paciente,LOGIN_OK,Usuario,ID-07837,Operacion registrada automaticamente
2024-11-04 16:23:22,ftapuy41,Paciente,CITA_COMPLETADA,Cita,ID-04503,Operacion registrada automaticamente
2024-11-05 11:52:14,mortega9,Paciente,HISTORIAL_CONSULTA,Historial,ID-05904,Operacion registrada automaticamente
2024-11-05 12:33:08,fchavez22,Paciente,CITA_CREADA,Cita,ID-02556,Operacion registrada automaticamente
2024-11-05 14:58:33,ochavez12,Paciente,PAGO_REGISTRADO,Factura,ID-05966,Operacion registrada automaticamente
2024-11-07 12:20:03,admin,Administrador,BUSQUEDA,Global,ID-08079,Operacion registrada automaticamente
2024-11-07 13:01:18,efigueroa5,Paciente,CITA_CREADA,Cita,ID-08228,Operacion registrada automaticamente
2024-11-07 14:00:45,framirez27,Paciente,LOGIN_OK,Usuario,ID-07633,Operacion registrada automaticamente
2024-11-07 16:08:44,vcaceres2,Paciente,LOGIN_OK,Usuario,ID-09362,Operacion registrada automaticamente
2024-11-07 17:13:12,nespinoza13,Paciente,CITA_COMPLETADA,Cita,ID-04853,Operacion registrada automaticamente
2024-11-08 12:58:40,srodriguez37,Paciente,CITA_COMPLETADA,Cita,ID-05504,Operacion registrada automaticamente
2024-11-08 14:07:05,ftapuy41,Paciente,CITA_CREADA,Cita,ID-09155,Operacion registrada automaticamente
2024-11-08 15:42:59,sjimenez2,Paciente,LOGIN_OK,Usuario,ID-07695,Operacion registrada automaticamente
2024-11-08 16:02:00,sgarcia4,Paciente,CITA_CREADA,Cita,ID-06263,Operacion registrada automaticamente
2024-11-08 17:27:11,admin,Administrador,BUSQUEDA,Global,ID-04112,Operacion registrada automaticamente
2024-11-08 17:59:13,admin,Administrador,BUSQUEDA,Global,ID-03780,Operacion registrada automaticamente
2024-11-09 08:04:55,daguilar10,Paciente,CITA_COMPLETADA,Cita,ID-00548,Operacion registrada automaticamente
2024-11-09 12:01:13,hherrera16,Paciente,HISTORIAL_CONSULTA,Historial,ID-01834,Operacion registrada automaticamente
2024-11-09 13:48:42,rreyes27,Paciente,CITA_CANCELADA,Cita,ID-03502,Operacion registrada automaticamente
2024-11-09 15:52:35,fcastro23,Paciente,PAGO_REGISTRADO,Factura,ID-06684,Operacion registrada automaticamente
2024-11-09 17:53:54,daguilar10,Paciente,PAGO_REGISTRADO,Factura,ID-04139,Operacion registrada automaticamente
2024-11-10 14:58:16,pbenitez40,Paciente,LOGIN_OK,Usuario,ID-00118,Operacion registrada automaticamente
2024-11-10 15:41:00,igarcia20,Paciente,CITA_CANCELADA,Cita,ID-09462,Operacion registrada automaticamente
2024-11-10 15:48:52,lromero40,Paciente,LOGIN_OK,Usuario,ID-01233,Operacion registrada automaticamente
2024-11-11 16:44:00,pgomez54,Paciente,CITA_CANCELADA,Cita,ID-01712,Operacion registrada automaticamente
2024-11-12 08:30:15,dramirez77,Medico,RECETA_EMITIDA,Receta,ID-00474,Operacion registrada automaticamente
2024-11-12 09:49:09,mcerda62,Paciente,CITA_CREADA,Cita,ID-07346,Operacion registrada automaticamente
2024-11-12 12:31:30,dlopez75,Medico,RECETA_EMITIDA,Receta,ID-01436,Operacion registrada automaticamente
2024-11-13 08:10:08,admin,Administrador,BUSQUEDA,Global,ID-06848,Operacion registrada automaticamente
2024-11-13 10:29:09,dgomez73,Medico,HISTORIAL_ENTRADA,Historial,ID-06292,Operacion registrada automaticamente
2024-11-14 09:17:30,mcastillo64,Paciente,HISTORIAL_CONSULTA,Historial,ID-04460,Operacion registrada automaticamente
2024-11-14 12:01:12,admin,Administrador,BUSQUEDA,Global,ID-00982,Operacion registrada automaticamente
2024-11-14 12:39:24,caguilar20,Paciente,CITA_CANCELADA,Cita,ID-05216,Operacion registrada automaticamente
2024-11-14 13:01:02,daguilar10,Paciente,PAGO_REGISTRADO,Factura,ID-03731,Operacion registrada automaticamente
2024-11-14 13:06:11,dperez75,Medico,HISTORIAL_ENTRADA,Historial,ID-01934,Operacion registrada automaticamente
2024-11-15 09:54:48,amartinez25,Paciente,CITA_CANCELADA,Cita,ID-09600,Operacion registrada automaticamente
2024-11-15 11:38:57,dperez75,Medico,HISTORIAL_ENTRADA,Historial,ID-08100,Operacion registrada automaticamente
2024-11-15 13:14:47,mruiz18,Paciente,LOGIN_OK,Usuario,ID-08984,Operacion registrada automaticamente
2024-11-16 09:23:24,tespinoza2,Paciente,PAGO_REGISTRADO,Factura,ID-07230,Operacion registrada automaticamente
2024-11-16 10:02:59,dromero76,Medico,RECETA_EMITIDA,Receta,ID-03756,Operacion registrada automaticamente
2024-11-16 12:54:16,dromero76,Medico,HISTORIAL_ENTRADA,Historial,ID-04996,Operacion registrada automaticamente
2024-11-16 14:33:20,rreyes27,Paciente,PAGO_REGISTRADO,Factura,ID-01597,Operacion registrada automaticamente
2024-11-18 11:59:49,ljimenez22,Paciente,CITA_COMPLETADA,Cita,ID-05555,Operacion registrada automaticamente
2024-11-18 13:48:48,admin,Administrador,BUSQUEDA,Global,ID-02709,Operacion registrada automaticamente
2024-11-18 14:18:37,tespinoza2,Paciente,CITA_CREADA,Cita,ID-00142,Operacion registrada automaticamente
2024-11-19 14:49:00,alopez31,Paciente,PAGO_REGISTRADO,Factura,ID-09381,Operacion registrada automaticamente
2024-11-19 17:56:17,dherrera77,Medico,RECETA_EMITIDA,Receta,ID-04423,Operacion registrada automaticamente
2024-11-20 16:02:42,cbenitez59,Paciente,LOGIN_OK,Usuario,ID-01801,Operacion registrada automaticamente
2024-11-21 09:51:46,icastillo3,Paciente,CITA_CANCELADA,Cita,ID-04156,Operacion registrada automaticamente
2024-11-21 14:27:08,lramos4,Paciente,CITA_COMPLETADA,Cita,ID-00332,Operacion registrada automaticamente
2024-11-21 16:27:25,lmendez23,Paciente,LOGIN_OK,Usuario,ID-03511,Operacion registrada automaticamente
2024-11-22 14:40:07,mmendez,Paciente,HISTORIAL_CONSULTA,Historial,ID-06968,Operacion registrada automaticamente
2024-11-22 17:23:09,glopez20,Paciente,CITA_CREADA,Cita,ID-08280,Operacion registrada automaticamente
2024-11-23 09:12:17,admin,Administrador,BUSQUEDA,Global,ID-06755,Operacion registrada automaticamente
2024-11-23 09:21:28,admin,Administrador,FACTURA_EMITIDA,Factura,ID-04065,Operacion registrada automaticamente
2024-11-23 14:34:58,pperez45,Paciente,LOGIN_OK,Usuario,ID-09762,Operacion registrada automaticamente
2024-11-24 10:14:12,iruiz14,Paciente,PAGO_REGISTRADO,Factura,ID-08050,Operacion registrada automaticamente
2024-11-24 14:06:27,vgonzalez27,Paciente,HISTORIAL_CONSULTA,Historial,ID-00024,Operacion registrada automaticamente
2024-11-24 15:47:15,dreyes79,Medico,RECETA_EMITIDA,Receta,ID-03595,Operacion registrada automaticamente
2024-11-24 17:03:55,dfigueroa76,Medico,HISTORIAL_ENTRADA,Historial,ID-05255,Operacion registrada automaticamente
2024-11-24 17:07:51,mortega9,Paciente,CITA_CREADA,Cita,ID-03191,Operacion registrada automaticamente
2024-11-24 17:58:20,admin,Administrador,FACTURA_EMITIDA,Factura,ID-06039,Operacion registrada automaticamente
2024-11-25 09:59:49,druiz67,Medico,RECETA_EMITIDA,Receta,ID-09812,Operacion registrada automaticamente
2024-11-25 13:05:21,agarcia57,Paciente,CITA_CREADA,Cita,ID-02715,Operacion registrada automaticamente
2024-11-26 08:39:28,mespinoza45,Paciente,LOGIN_OK,Usuario,ID-07657,Operacion registrada automaticamente
2024-11-26 11:34:15,malvarado21,Paciente,CITA_CREADA,Cita,ID-06499,Operacion registrada automaticamente
2024-11-26 12:10:38,cmartinez31,Paciente,CITA_CANCELADA,Cita,ID-02180,Operacion registrada automaticamente
2024-11-27 13:03:01,admin,Administrador,BUSQUEDA,Global,ID-04600,Operacion registrada automaticamente
2024-11-27 15:18:42,dmartinez53,Paciente,LOGIN_OK,Usuario,ID-02455,Operacion registrada automaticamente
2024-11-28 14:21:07,admin,Administrador,FACTURA_EMITIDA,Factura,ID-07882,Operacion registrada automaticamente
2024-11-29 09:44:04,pgomez57,Paciente,PAGO_REGISTRADO,Factura,ID-02227,Operacion registrada automaticamente
2024-11-29 10:28:05,mcerda91,Paciente,CITA_CANCELADA,Cita,ID-09334,Operacion registrada automaticamente
2024-11-30 12:34:31,dperez74,Medico,RECETA_EMITIDA,Receta,ID-08486,Operacion registrada automaticamente
2024-11-30 15:11:48,mruiz,Paciente,PAGO_REGISTRADO,Factura,ID-04905,Operacion registrada automaticamente
2024-11-30 16:53:01,admin,Administrador,BUSQUEDA,Global,ID-05876,Operacion registrada automaticamente
2024-12-01 12:58:28,dfigueroa79,Medico,RECETA_EMITIDA,Receta,ID-01740,Operacion registrada automaticamente
2024-12-01 15:18:49,admin,Administrador,BUSQUEDA,Global,ID-01924,Operacion registrada automaticamente
2024-12-01 16:49:32,lcruz27,Paciente,LOGIN_OK,Usuario,ID-08528,Operacion registrada automaticamente
